{"stats":{"minecraft:dropped":{"minecraft:stone_axe":1},"minecraft:killed_by":{"minecraft:player":1,"minecraft:wolf":1},"minecraft:broken":{"minecraft:wooden_axe":1,"minecraft:stone_axe":1},"minecraft:killed":{"minecraft:sheep":1,"minecraft:skeleton":1,"minecraft:zombie":2},"minecraft:custom":{"minecraft:time_since_rest":21661,"minecraft:interact_with_furnace":1,"minecraft:sprint_one_cm":23197,"minecraft:damage_taken":935,"minecraft:walk_one_cm":31924,"minecraft:mob_kills":4,"minecraft:drop":1,"minecraft:damage_dealt":822,"minecraft:interact_with_crafting_table":4,"minecraft:fly_one_cm":29052,"minecraft:crouch_one_cm":16280,"minecraft:play_time":29548,"minecraft:deaths":3,"minecraft:sneak_time":11553,"minecraft:jump":413,"minecraft:leave_game":2,"minecraft:time_since_death":21628,"minecraft:total_world_time":29548,"minecraft:fall_one_cm":13289},"minecraft:crafted":{"minecraft:crafting_table":2,"minecraft:spruce_planks":60,"minecraft:stick":8,"minecraft:wooden_pickaxe":1,"minecraft:stone_pickaxe":1,"minecraft:wooden_axe":1,"minecraft:furnace":1,"minecraft:stone_axe":2},"minecraft:picked_up":{"minecraft:stick":6,"minecraft:crafting_table":3,"minecraft:wooden_pickaxe":1,"minecraft:spruce_sapling":5,"minecraft:spruce_log":192,"minecraft:dirt":31,"minecraft:rotten_flesh":3,"minecraft:stone_axe":2,"minecraft:stone_pickaxe":1,"minecraft:rooted_dirt":27,"minecraft:mutton":1,"minecraft:white_wool":1,"minecraft:cobblestone":26,"minecraft:furnace":2},"minecraft:mined":{"minecraft:large_fern":1,"minecraft:podzol":1,"minecraft:furnace":1,"minecraft:spruce_log":195,"minecraft:crafting_table":3,"minecraft:grass_block":5,"minecraft:dirt":19,"minecraft:spruce_leaves":6,"minecraft:stone":26,"minecraft:rooted_dirt":34,"minecraft:fern":3},"minecraft:used":{"minecraft:wooden_axe":54,"minecraft:stone_pickaxe":5,"minecraft:wooden_pickaxe":26,"minecraft:stone_axe":132,"minecraft:dirt":14,"minecraft:crafting_table":3,"minecraft:furnace":1,"minecraft:spruce_log":1}},"DataVersion":3839}