{"stats":{"minecraft:dropped":{"minecraft:stone_axe":1,"minecraft:cobbled_deepslate":70,"minecraft:tuff":64,"minecraft:dripstone_block":2,"minecraft:dirt":14,"minecraft:spruce_planks":1,"minecraft:chest":1,"minecraft:iron_axe":1,"minecraft:black_wool":1},"minecraft:killed_by":{"minecraft:player":1,"minecraft:wolf":1},"minecraft:broken":{"minecraft:stone_pickaxe":2,"minecraft:stone_axe":1,"minecraft:iron_pickaxe":2,"minecraft:wooden_axe":1},"minecraft:killed":{"minecraft:pig":4,"minecraft:spider":1,"minecraft:slime":1,"minecraft:creeper":2,"minecraft:sheep":10,"minecraft:skeleton":3,"minecraft:zombie":3,"minecraft:chicken":4,"minecraft:cow":8},"minecraft:custom":{"minecraft:interact_with_furnace":60,"minecraft:mob_kills":36,"minecraft:interact_with_crafting_table":32,"minecraft:leave_game":2,"minecraft:time_since_death":117628,"minecraft:sleep_in_bed":26,"minecraft:climb_one_cm":2634,"minecraft:time_since_rest":1884,"minecraft:sprint_one_cm":127782,"minecraft:damage_taken":1379,"minecraft:walk_one_cm":237850,"minecraft:damage_blocked_by_shield":389,"minecraft:drop":11,"minecraft:damage_dealt":4100,"minecraft:swim_one_cm":52134,"minecraft:fly_one_cm":162962,"minecraft:open_chest":8,"minecraft:crouch_one_cm":49260,"minecraft:play_time":125548,"minecraft:deaths":3,"minecraft:sneak_time":28326,"minecraft:walk_under_water_one_cm":10576,"minecraft:boat_one_cm":22369,"minecraft:jump":1899,"minecraft:walk_on_water_one_cm":12133,"minecraft:total_world_time":125548,"minecraft:fall_one_cm":45039},"minecraft:picked_up":{"minecraft:crafting_table":14,"minecraft:feather":10,"minecraft:chicken":4,"minecraft:andesite":19,"minecraft:leather":7,"minecraft:wooden_pickaxe":1,"minecraft:tuff":79,"minecraft:gunpowder":6,"minecraft:lapis_lazuli":77,"minecraft:dirt":57,"minecraft:raw_copper":41,"minecraft:iron_axe":1,"minecraft:cobbled_deepslate":290,"minecraft:raw_gold":52,"minecraft:spruce_planks":2,"minecraft:beef":13,"minecraft:stone_pickaxe":1,"minecraft:chest":1,"minecraft:sugar_cane":39,"minecraft:furnace":6,"minecraft:raw_iron":66,"minecraft:stick":6,"minecraft:cooked_porkchop":6,"minecraft:pumpkin":34,"minecraft:torch":6,"minecraft:dripstone_block":10,"minecraft:porkchop":6,"minecraft:pointed_dripstone":26,"minecraft:spruce_sapling":11,"minecraft:white_bed":4,"minecraft:diorite":42,"minecraft:spruce_log":226,"minecraft:redstone":34,"minecraft:arrow":4,"minecraft:rotten_flesh":8,"minecraft:diamond":9,"minecraft:stone_axe":3,"minecraft:spruce_boat":2,"minecraft:granite":2,"minecraft:black_wool":1,"minecraft:rooted_dirt":52,"minecraft:coal":20,"minecraft:mutton":15,"minecraft:white_wool":10,"minecraft:cobblestone":197},"minecraft:crafted":{"minecraft:cooked_beef":6,"minecraft:crafting_table":4,"minecraft:spruce_planks":148,"minecraft:iron_helmet":1,"minecraft:wooden_pickaxe":1,"minecraft:cooked_chicken":4,"minecraft:iron_sword":1,"minecraft:furnace":2,"minecraft:bucket":2,"minecraft:stone_axe":2,"minecraft:cooked_mutton":6,"minecraft:air":0,"minecraft:iron_chestplate":1,"minecraft:iron_boots":1,"minecraft:charcoal":6,"minecraft:shield":1,"minecraft:iron_axe":1,"minecraft:stick":36,"minecraft:iron_ingot":51,"minecraft:iron_pickaxe":3,"minecraft:stone_pickaxe":2,"minecraft:wooden_axe":1,"minecraft:chest":2,"minecraft:iron_leggings":1,"minecraft:white_bed":2,"minecraft:spruce_boat":1,"minecraft:torch":76},"minecraft:mined":{"minecraft:podzol":1,"minecraft:deepslate_redstone_ore":8,"minecraft:tuff":80,"minecraft:white_bed":4,"minecraft:deepslate_diamond_ore":9,"minecraft:crafting_table":14,"minecraft:granite":2,"minecraft:short_grass":7,"minecraft:grass_block":8,"minecraft:chest":1,"minecraft:copper_ore":11,"minecraft:spruce_leaves":9,"minecraft:deepslate_gold_ore":20,"minecraft:sugar_cane":17,"minecraft:diorite":41,"minecraft:rooted_dirt":41,"minecraft:wall_torch":6,"minecraft:large_fern":1,"minecraft:furnace":5,"minecraft:cobbled_deepslate":4,"minecraft:iron_ore":42,"minecraft:spruce_log":195,"minecraft:andesite":16,"minecraft:pumpkin":34,"minecraft:deepslate_lapis_ore":11,"minecraft:pointed_dripstone":16,"minecraft:coal_ore":20,"minecraft:deepslate_iron_ore":24,"minecraft:dripstone_block":6,"minecraft:dirt":43,"minecraft:oak_leaves":2,"minecraft:stone":188,"minecraft:gold_ore":15,"minecraft:deepslate":282,"minecraft:fern":3},"minecraft:used":{"minecraft:cooked_mutton":6,"minecraft:water_bucket":3,"minecraft:diorite":40,"minecraft:stone_pickaxe":258,"minecraft:spruce_planks":1,"minecraft:chest":2,"minecraft:shield":8,"minecraft:wooden_pickaxe":28,"minecraft:iron_sword":16,"minecraft:sugar_cane":12,"minecraft:cooked_chicken":1,"minecraft:torch":82,"minecraft:dirt":37,"minecraft:crafting_table":15,"minecraft:white_bed":5,"minecraft:dripstone_block":8,"minecraft:granite":2,"minecraft:spruce_log":1,"minecraft:spruce_boat":1,"minecraft:wooden_axe":54,"minecraft:iron_axe":54,"minecraft:rooted_dirt":16,"minecraft:iron_pickaxe":518,"minecraft:spruce_sapling":1,"minecraft:stone_axe":163,"minecraft:cobblestone":1,"minecraft:furnace":5,"minecraft:bucket":4,"minecraft:andesite":13,"minecraft:cooked_beef":3,"minecraft:cobbled_deepslate":64,"minecraft:iron_leggings":1,"minecraft:pointed_dripstone":26}},"DataVersion":3839}