{"stats":{"minecraft:dropped":{"minecraft:stone_axe":1},"minecraft:killed_by":{"minecraft:player":1,"minecraft:wolf":1},"minecraft:broken":{"minecraft:stone_pickaxe":1,"minecraft:stone_axe":1,"minecraft:wooden_axe":1},"minecraft:killed":{"minecraft:pig":4,"minecraft:slime":1,"minecraft:creeper":2,"minecraft:sheep":4,"minecraft:skeleton":1,"minecraft:zombie":2,"minecraft:chicken":4,"minecraft:cow":3},"minecraft:custom":{"minecraft:interact_with_furnace":23,"minecraft:mob_kills":21,"minecraft:interact_with_crafting_table":10,"minecraft:leave_game":2,"minecraft:time_since_death":45628,"minecraft:sleep_in_bed":22,"minecraft:climb_one_cm":1161,"minecraft:time_since_rest":13743,"minecraft:sprint_one_cm":41420,"minecraft:damage_taken":935,"minecraft:walk_one_cm":97777,"minecraft:drop":1,"minecraft:damage_dealt":2332,"minecraft:fly_one_cm":52704,"minecraft:crouch_one_cm":22592,"minecraft:play_time":53548,"minecraft:deaths":3,"minecraft:sneak_time":15569,"minecraft:boat_one_cm":22369,"minecraft:jump":770,"minecraft:walk_on_water_one_cm":333,"minecraft:total_world_time":53548,"minecraft:fall_one_cm":16264},"minecraft:picked_up":{"minecraft:crafting_table":9,"minecraft:feather":5,"minecraft:chicken":4,"minecraft:andesite":12,"minecraft:leather":2,"minecraft:wooden_pickaxe":1,"minecraft:gunpowder":3,"minecraft:dirt":43,"minecraft:raw_copper":41,"minecraft:cobbled_deepslate":2,"minecraft:spruce_planks":1,"minecraft:beef":6,"minecraft:stone_pickaxe":1,"minecraft:sugar_cane":12,"minecraft:furnace":4,"minecraft:raw_iron":9,"minecraft:stick":6,"minecraft:cooked_porkchop":6,"minecraft:torch":3,"minecraft:porkchop":6,"minecraft:spruce_sapling":5,"minecraft:white_bed":2,"minecraft:diorite":39,"minecraft:spruce_log":226,"minecraft:rotten_flesh":3,"minecraft:stone_axe":2,"minecraft:spruce_boat":1,"minecraft:rooted_dirt":27,"minecraft:mutton":6,"minecraft:white_wool":4,"minecraft:cobblestone":162},"minecraft:crafted":{"minecraft:cooked_beef":6,"minecraft:crafting_table":3,"minecraft:spruce_planks":104,"minecraft:wooden_pickaxe":1,"minecraft:cooked_chicken":4,"minecraft:furnace":2,"minecraft:stone_axe":2,"minecraft:cooked_mutton":6,"minecraft:air":0,"minecraft:charcoal":6,"minecraft:stick":16,"minecraft:stone_pickaxe":2,"minecraft:wooden_axe":1,"minecraft:white_bed":1,"minecraft:spruce_boat":1,"minecraft:torch":24},"minecraft:mined":{"minecraft:podzol":1,"minecraft:white_bed":2,"minecraft:crafting_table":9,"minecraft:short_grass":1,"minecraft:grass_block":8,"minecraft:copper_ore":11,"minecraft:spruce_leaves":6,"minecraft:sugar_cane":7,"minecraft:diorite":39,"minecraft:rooted_dirt":34,"minecraft:wall_torch":3,"minecraft:large_fern":1,"minecraft:furnace":3,"minecraft:iron_ore":9,"minecraft:spruce_log":195,"minecraft:andesite":12,"minecraft:dirt":28,"minecraft:stone":162,"minecraft:deepslate":2,"minecraft:fern":3},"minecraft:used":{"minecraft:diorite":11,"minecraft:stone_pickaxe":216,"minecraft:wooden_pickaxe":28,"minecraft:sugar_cane":12,"minecraft:torch":11,"minecraft:dirt":14,"minecraft:crafting_table":11,"minecraft:white_bed":3,"minecraft:spruce_log":1,"minecraft:spruce_boat":1,"minecraft:wooden_axe":54,"minecraft:stone_axe":159,"minecraft:furnace":5,"minecraft:andesite":7,"minecraft:cooked_beef":3}},"DataVersion":3839}