{"stats":{"minecraft:dropped":{"minecraft:stone_axe":1},"minecraft:broken":{"minecraft:stone_axe":1,"minecraft:wooden_axe":1},"minecraft:killed_by":{"minecraft:player":1,"minecraft:wolf":1},"minecraft:killed":{"minecraft:pig":4,"minecraft:slime":1,"minecraft:creeper":2,"minecraft:sheep":4,"minecraft:skeleton":1,"minecraft:zombie":2,"minecraft:chicken":4,"minecraft:cow":3},"minecraft:custom":{"minecraft:interact_with_furnace":18,"minecraft:mob_kills":21,"minecraft:interact_with_crafting_table":7,"minecraft:leave_game":2,"minecraft:time_since_death":33628,"minecraft:sleep_in_bed":22,"minecraft:climb_one_cm":1086,"minecraft:time_since_rest":1743,"minecraft:sprint_one_cm":39314,"minecraft:damage_taken":935,"minecraft:walk_one_cm":76282,"minecraft:drop":1,"minecraft:damage_dealt":2332,"minecraft:fly_one_cm":49762,"minecraft:crouch_one_cm":17787,"minecraft:play_time":41548,"minecraft:deaths":3,"minecraft:sneak_time":12212,"minecraft:boat_one_cm":22369,"minecraft:jump":592,"minecraft:walk_on_water_one_cm":333,"minecraft:total_world_time":41548,"minecraft:fall_one_cm":15799},"minecraft:picked_up":{"minecraft:crafting_table":4,"minecraft:feather":5,"minecraft:chicken":4,"minecraft:leather":2,"minecraft:wooden_pickaxe":1,"minecraft:gunpowder":3,"minecraft:dirt":43,"minecraft:beef":6,"minecraft:stone_pickaxe":1,"minecraft:sugar_cane":12,"minecraft:furnace":2,"minecraft:stick":6,"minecraft:porkchop":6,"minecraft:spruce_sapling":5,"minecraft:spruce_log":192,"minecraft:rotten_flesh":3,"minecraft:stone_axe":2,"minecraft:spruce_boat":1,"minecraft:rooted_dirt":27,"minecraft:mutton":6,"minecraft:white_wool":4,"minecraft:cobblestone":32},"minecraft:crafted":{"minecraft:cooked_beef":6,"minecraft:crafting_table":2,"minecraft:spruce_planks":84,"minecraft:wooden_pickaxe":1,"minecraft:cooked_chicken":4,"minecraft:furnace":1,"minecraft:stone_axe":2,"minecraft:cooked_mutton":6,"minecraft:air":0,"minecraft:stick":8,"minecraft:stone_pickaxe":1,"minecraft:wooden_axe":1,"minecraft:white_bed":1,"minecraft:spruce_boat":1},"minecraft:mined":{"minecraft:podzol":1,"minecraft:crafting_table":4,"minecraft:short_grass":1,"minecraft:grass_block":8,"minecraft:spruce_leaves":6,"minecraft:sugar_cane":7,"minecraft:rooted_dirt":34,"minecraft:large_fern":1,"minecraft:furnace":1,"minecraft:spruce_log":195,"minecraft:dirt":28,"minecraft:stone":35,"minecraft:fern":3},"minecraft:used":{"minecraft:stone_pickaxe":14,"minecraft:wooden_pickaxe":28,"minecraft:sugar_cane":12,"minecraft:dirt":14,"minecraft:crafting_table":5,"minecraft:white_bed":1,"minecraft:spruce_log":1,"minecraft:spruce_boat":1,"minecraft:wooden_axe":54,"minecraft:stone_axe":153,"minecraft:furnace":2,"minecraft:cooked_beef":3}},"DataVersion":3839}