{"stats":{"minecraft:dropped":{"minecraft:stone_axe":1},"minecraft:killed_by":{"minecraft:player":1,"minecraft:wolf":1},"minecraft:broken":{"minecraft:stone_pickaxe":2,"minecraft:stone_axe":1,"minecraft:wooden_axe":1},"minecraft:killed":{"minecraft:pig":4,"minecraft:spider":1,"minecraft:slime":1,"minecraft:creeper":2,"minecraft:sheep":4,"minecraft:skeleton":1,"minecraft:zombie":2,"minecraft:chicken":4,"minecraft:cow":3},"minecraft:custom":{"minecraft:interact_with_furnace":30,"minecraft:mob_kills":22,"minecraft:interact_with_crafting_table":16,"minecraft:leave_game":2,"minecraft:time_since_death":57628,"minecraft:sleep_in_bed":23,"minecraft:climb_one_cm":1161,"minecraft:time_since_rest":4723,"minecraft:sprint_one_cm":45807,"minecraft:damage_taken":974,"minecraft:walk_one_cm":124443,"minecraft:damage_blocked_by_shield":181,"minecraft:drop":1,"minecraft:damage_dealt":2554,"minecraft:fly_one_cm":54349,"minecraft:crouch_one_cm":31965,"minecraft:play_time":65548,"minecraft:deaths":3,"minecraft:sneak_time":19354,"minecraft:walk_under_water_one_cm":71,"minecraft:boat_one_cm":22369,"minecraft:jump":907,"minecraft:walk_on_water_one_cm":3389,"minecraft:total_world_time":65548,"minecraft:fall_one_cm":19812},"minecraft:picked_up":{"minecraft:crafting_table":9,"minecraft:feather":5,"minecraft:chicken":4,"minecraft:andesite":12,"minecraft:leather":2,"minecraft:wooden_pickaxe":1,"minecraft:gunpowder":3,"minecraft:dirt":43,"minecraft:raw_copper":41,"minecraft:cobbled_deepslate":6,"minecraft:raw_gold":6,"minecraft:spruce_planks":1,"minecraft:beef":6,"minecraft:stone_pickaxe":1,"minecraft:sugar_cane":12,"minecraft:furnace":4,"minecraft:raw_iron":38,"minecraft:stick":6,"minecraft:cooked_porkchop":6,"minecraft:torch":4,"minecraft:dripstone_block":4,"minecraft:porkchop":6,"minecraft:pointed_dripstone":16,"minecraft:spruce_sapling":5,"minecraft:white_bed":2,"minecraft:diorite":39,"minecraft:spruce_log":226,"minecraft:rotten_flesh":3,"minecraft:stone_axe":2,"minecraft:spruce_boat":1,"minecraft:granite":2,"minecraft:rooted_dirt":29,"minecraft:coal":20,"minecraft:mutton":6,"minecraft:white_wool":4,"minecraft:cobblestone":192},"minecraft:crafted":{"minecraft:cooked_beef":6,"minecraft:crafting_table":3,"minecraft:spruce_planks":120,"minecraft:iron_helmet":1,"minecraft:wooden_pickaxe":1,"minecraft:cooked_chicken":4,"minecraft:furnace":2,"minecraft:stone_axe":2,"minecraft:cooked_mutton":6,"minecraft:air":0,"minecraft:charcoal":6,"minecraft:shield":1,"minecraft:stick":28,"minecraft:iron_ingot":9,"minecraft:iron_pickaxe":1,"minecraft:stone_pickaxe":2,"minecraft:wooden_axe":1,"minecraft:white_bed":1,"minecraft:spruce_boat":1,"minecraft:torch":72},"minecraft:mined":{"minecraft:podzol":1,"minecraft:white_bed":2,"minecraft:crafting_table":9,"minecraft:granite":2,"minecraft:short_grass":1,"minecraft:grass_block":8,"minecraft:copper_ore":11,"minecraft:spruce_leaves":6,"minecraft:deepslate_gold_ore":2,"minecraft:sugar_cane":7,"minecraft:diorite":39,"minecraft:rooted_dirt":36,"minecraft:wall_torch":4,"minecraft:large_fern":1,"minecraft:furnace":3,"minecraft:iron_ore":37,"minecraft:spruce_log":195,"minecraft:andesite":12,"minecraft:pointed_dripstone":10,"minecraft:coal_ore":20,"minecraft:deepslate_iron_ore":1,"minecraft:dirt":28,"minecraft:stone":183,"minecraft:gold_ore":4,"minecraft:deepslate":4,"minecraft:fern":3},"minecraft:used":{"minecraft:diorite":39,"minecraft:stone_pickaxe":258,"minecraft:shield":3,"minecraft:wooden_pickaxe":28,"minecraft:sugar_cane":12,"minecraft:torch":29,"minecraft:dirt":14,"minecraft:crafting_table":11,"minecraft:white_bed":3,"minecraft:dripstone_block":4,"minecraft:granite":2,"minecraft:spruce_log":1,"minecraft:spruce_boat":1,"minecraft:wooden_axe":54,"minecraft:rooted_dirt":10,"minecraft:iron_pickaxe":47,"minecraft:stone_axe":162,"minecraft:furnace":5,"minecraft:andesite":12,"minecraft:cooked_beef":3,"minecraft:cobbled_deepslate":5,"minecraft:pointed_dripstone":16}},"DataVersion":3839}