{"stats":{"minecraft:dropped":{"minecraft:stone_axe":1},"minecraft:broken":{"minecraft:stone_axe":1},"minecraft:killed_by":{"minecraft:player":1,"minecraft:wolf":1},"minecraft:killed":{"minecraft:skeleton":1},"minecraft:custom":{"minecraft:time_since_rest":9661,"minecraft:interact_with_furnace":1,"minecraft:sprint_one_cm":11393,"minecraft:damage_taken":910,"minecraft:walk_one_cm":18120,"minecraft:mob_kills":1,"minecraft:drop":1,"minecraft:damage_dealt":383,"minecraft:interact_with_crafting_table":3,"minecraft:fly_one_cm":14578,"minecraft:crouch_one_cm":9543,"minecraft:play_time":17548,"minecraft:deaths":3,"minecraft:sneak_time":7623,"minecraft:jump":291,"minecraft:leave_game":2,"minecraft:time_since_death":9628,"minecraft:total_world_time":17548,"minecraft:fall_one_cm":10011},"minecraft:crafted":{"minecraft:crafting_table":2,"minecraft:spruce_planks":60,"minecraft:stick":8,"minecraft:wooden_pickaxe":1,"minecraft:stone_pickaxe":1,"minecraft:wooden_axe":1,"minecraft:furnace":1,"minecraft:stone_axe":1},"minecraft:picked_up":{"minecraft:stick":6,"minecraft:crafting_table":2,"minecraft:wooden_pickaxe":1,"minecraft:spruce_sapling":3,"minecraft:spruce_log":170,"minecraft:dirt":15,"minecraft:stone_axe":2,"minecraft:stone_pickaxe":1,"minecraft:cobblestone":18,"minecraft:furnace":2},"minecraft:mined":{"minecraft:large_fern":1,"minecraft:podzol":1,"minecraft:furnace":1,"minecraft:spruce_log":173,"minecraft:crafting_table":2,"minecraft:grass_block":1,"minecraft:dirt":7,"minecraft:spruce_leaves":6,"minecraft:stone":18,"minecraft:fern":1},"minecraft:used":{"minecraft:wooden_axe":30,"minecraft:stone_pickaxe":3,"minecraft:wooden_pickaxe":18,"minecraft:stone_axe":130,"minecraft:dirt":8,"minecraft:crafting_table":2,"minecraft:furnace":1,"minecraft:spruce_log":1}},"DataVersion":3839}