{"stats":{"minecraft:dropped":{"minecraft:stone_axe":1},"minecraft:killed_by":{"minecraft:player":1,"minecraft:wolf":1},"minecraft:broken":{"minecraft:stone_pickaxe":2,"minecraft:stone_axe":1,"minecraft:wooden_axe":1},"minecraft:killed":{"minecraft:pig":4,"minecraft:spider":1,"minecraft:slime":1,"minecraft:creeper":2,"minecraft:sheep":4,"minecraft:skeleton":3,"minecraft:zombie":3,"minecraft:chicken":4,"minecraft:cow":3},"minecraft:custom":{"minecraft:interact_with_furnace":60,"minecraft:mob_kills":25,"minecraft:interact_with_crafting_table":27,"minecraft:leave_game":2,"minecraft:time_since_death":81628,"minecraft:sleep_in_bed":23,"minecraft:climb_one_cm":1161,"minecraft:time_since_rest":28723,"minecraft:sprint_one_cm":64518,"minecraft:damage_taken":1104,"minecraft:walk_one_cm":171192,"minecraft:damage_blocked_by_shield":389,"minecraft:drop":1,"minecraft:damage_dealt":3100,"minecraft:fly_one_cm":73292,"minecraft:open_chest":4,"minecraft:crouch_one_cm":37860,"minecraft:play_time":89548,"minecraft:deaths":3,"minecraft:sneak_time":22300,"minecraft:walk_under_water_one_cm":231,"minecraft:boat_one_cm":22369,"minecraft:jump":1173,"minecraft:walk_on_water_one_cm":5700,"minecraft:total_world_time":89548,"minecraft:fall_one_cm":29500},"minecraft:picked_up":{"minecraft:crafting_table":10,"minecraft:feather":5,"minecraft:chicken":4,"minecraft:andesite":15,"minecraft:leather":2,"minecraft:wooden_pickaxe":1,"minecraft:gunpowder":3,"minecraft:lapis_lazuli":20,"minecraft:dirt":57,"minecraft:raw_copper":41,"minecraft:cobbled_deepslate":29,"minecraft:raw_gold":29,"minecraft:spruce_planks":1,"minecraft:beef":6,"minecraft:stone_pickaxe":1,"minecraft:sugar_cane":12,"minecraft:furnace":4,"minecraft:raw_iron":65,"minecraft:stick":6,"minecraft:cooked_porkchop":6,"minecraft:torch":5,"minecraft:dripstone_block":6,"minecraft:porkchop":6,"minecraft:pointed_dripstone":22,"minecraft:spruce_sapling":5,"minecraft:white_bed":2,"minecraft:diorite":41,"minecraft:spruce_log":226,"minecraft:arrow":4,"minecraft:rotten_flesh":4,"minecraft:diamond":3,"minecraft:stone_axe":2,"minecraft:spruce_boat":1,"minecraft:granite":2,"minecraft:rooted_dirt":34,"minecraft:coal":20,"minecraft:mutton":6,"minecraft:white_wool":4,"minecraft:cobblestone":196},"minecraft:crafted":{"minecraft:cooked_beef":6,"minecraft:crafting_table":4,"minecraft:spruce_planks":144,"minecraft:iron_helmet":1,"minecraft:wooden_pickaxe":1,"minecraft:cooked_chicken":4,"minecraft:iron_sword":1,"minecraft:furnace":2,"minecraft:bucket":2,"minecraft:stone_axe":2,"minecraft:cooked_mutton":6,"minecraft:air":0,"minecraft:iron_chestplate":1,"minecraft:iron_boots":1,"minecraft:charcoal":6,"minecraft:shield":1,"minecraft:iron_axe":1,"minecraft:stick":32,"minecraft:iron_ingot":51,"minecraft:iron_pickaxe":1,"minecraft:stone_pickaxe":2,"minecraft:wooden_axe":1,"minecraft:chest":2,"minecraft:iron_leggings":1,"minecraft:white_bed":1,"minecraft:spruce_boat":1,"minecraft:torch":72},"minecraft:mined":{"minecraft:podzol":1,"minecraft:white_bed":2,"minecraft:deepslate_diamond_ore":3,"minecraft:crafting_table":10,"minecraft:granite":2,"minecraft:short_grass":1,"minecraft:grass_block":8,"minecraft:copper_ore":11,"minecraft:spruce_leaves":6,"minecraft:deepslate_gold_ore":14,"minecraft:sugar_cane":7,"minecraft:diorite":41,"minecraft:rooted_dirt":41,"minecraft:wall_torch":5,"minecraft:large_fern":1,"minecraft:furnace":3,"minecraft:iron_ore":42,"minecraft:spruce_log":195,"minecraft:andesite":15,"minecraft:deepslate_lapis_ore":3,"minecraft:pointed_dripstone":13,"minecraft:coal_ore":20,"minecraft:deepslate_iron_ore":23,"minecraft:dripstone_block":2,"minecraft:dirt":43,"minecraft:stone":187,"minecraft:gold_ore":15,"minecraft:deepslate":29,"minecraft:fern":3},"minecraft:used":{"minecraft:cooked_mutton":1,"minecraft:diorite":40,"minecraft:stone_pickaxe":258,"minecraft:chest":2,"minecraft:shield":8,"minecraft:wooden_pickaxe":28,"minecraft:iron_sword":9,"minecraft:sugar_cane":12,"minecraft:torch":65,"minecraft:dirt":37,"minecraft:crafting_table":12,"minecraft:white_bed":3,"minecraft:dripstone_block":4,"minecraft:granite":2,"minecraft:spruce_log":1,"minecraft:spruce_boat":1,"minecraft:wooden_axe":54,"minecraft:iron_axe":1,"minecraft:rooted_dirt":16,"minecraft:iron_pickaxe":141,"minecraft:stone_axe":163,"minecraft:furnace":5,"minecraft:bucket":1,"minecraft:andesite":12,"minecraft:cooked_beef":3,"minecraft:cobbled_deepslate":5,"minecraft:iron_leggings":1,"minecraft:pointed_dripstone":18}},"DataVersion":3839}