{"stats":{"minecraft:dropped":{"minecraft:dripstone_block":2,"minecraft:dirt":14,"minecraft:iron_axe":1,"minecraft:stone_axe":1,"minecraft:cobbled_deepslate":70,"minecraft:tuff":64,"minecraft:spruce_planks":1,"minecraft:chest":1,"minecraft:black_wool":1},"minecraft:broken":{"minecraft:stone_pickaxe":2,"minecraft:stone_axe":1,"minecraft:iron_pickaxe":2,"minecraft:wooden_axe":1},"minecraft:killed_by":{"minecraft:player":1,"minecraft:wolf":1},"minecraft:killed":{"minecraft:spider":1,"minecraft:slime":1,"minecraft:skeleton":3,"minecraft:chicken":4,"minecraft:pig":4,"minecraft:creeper":2,"minecraft:sheep":10,"minecraft:zombie":3,"minecraft:cow":8},"minecraft:custom":{"minecraft:mob_kills":36,"minecraft:interact_with_crafting_table":35,"minecraft:leave_game":3,"minecraft:time_since_death":125727,"minecraft:climb_one_cm":2634,"minecraft:sprint_one_cm":131781,"minecraft:walk_one_cm":267649,"minecraft:damage_blocked_by_shield":389,"minecraft:drop":11,"minecraft:play_time":133647,"minecraft:deaths":3,"minecraft:sneak_time":29616,"minecraft:walk_under_water_one_cm":10576,"minecraft:boat_one_cm":22369,"minecraft:jump":1949,"minecraft:walk_on_water_one_cm":12133,"minecraft:total_world_time":133647,"minecraft:interact_with_furnace":73,"minecraft:sleep_in_bed":26,"minecraft:time_since_rest":9983,"minecraft:damage_taken":1379,"minecraft:damage_dealt":4100,"minecraft:swim_one_cm":52134,"minecraft:fly_one_cm":164875,"minecraft:open_chest":8,"minecraft:crouch_one_cm":54150,"minecraft:fall_one_cm":45726},"minecraft:crafted":{"minecraft:cooked_chicken":4,"minecraft:furnace":2,"minecraft:cooked_mutton":15,"minecraft:iron_boots":1,"minecraft:iron_axe":1,"minecraft:stone_pickaxe":2,"minecraft:chest":2,"minecraft:spruce_boat":1,"minecraft:cooked_beef":13,"minecraft:sugar":1,"minecraft:crafting_table":4,"minecraft:spruce_planks":160,"minecraft:wooden_pickaxe":1,"minecraft:iron_helmet":1,"minecraft:iron_sword":1,"minecraft:spruce_door":3,"minecraft:bucket":2,"minecraft:stone_axe":2,"minecraft:air":0,"minecraft:iron_chestplate":1,"minecraft:charcoal":6,"minecraft:shield":1,"minecraft:stick":36,"minecraft:iron_ingot":51,"minecraft:iron_pickaxe":3,"minecraft:wooden_axe":1,"minecraft:iron_leggings":1,"minecraft:white_bed":2,"minecraft:pumpkin_pie":1,"minecraft:torch":76},"minecraft:picked_up":{"minecraft:crafting_table":14,"minecraft:chicken":4,"minecraft:wooden_pickaxe":1,"minecraft:raw_copper":41,"minecraft:iron_axe":1,"minecraft:cobbled_deepslate":301,"minecraft:spruce_planks":3,"minecraft:beef":13,"minecraft:sugar_cane":39,"minecraft:chest":1,"minecraft:furnace":8,"minecraft:egg":1,"minecraft:stick":6,"minecraft:raw_iron":66,"minecraft:torch":6,"minecraft:porkchop":6,"minecraft:pointed_dripstone":26,"minecraft:diorite":42,"minecraft:redstone":34,"minecraft:arrow":4,"minecraft:rotten_flesh":8,"minecraft:mutton":15,"minecraft:cobblestone":200,"minecraft:white_wool":10,"minecraft:feather":10,"minecraft:andesite":19,"minecraft:leather":7,"minecraft:tuff":79,"minecraft:gunpowder":6,"minecraft:lapis_lazuli":77,"minecraft:dirt":76,"minecraft:wheat_seeds":5,"minecraft:raw_gold":52,"minecraft:stone_pickaxe":1,"minecraft:cooked_porkchop":6,"minecraft:pumpkin":34,"minecraft:dripstone_block":10,"minecraft:spruce_sapling":11,"minecraft:white_bed":4,"minecraft:spruce_log":226,"minecraft:spruce_door":2,"minecraft:diamond":9,"minecraft:spruce_boat":2,"minecraft:stone_axe":3,"minecraft:granite":2,"minecraft:rooted_dirt":52,"minecraft:black_wool":1,"minecraft:coal":20},"minecraft:mined":{"minecraft:tuff":80,"minecraft:spruce_planks":1,"minecraft:white_bed":4,"minecraft:deepslate_diamond_ore":9,"minecraft:granite":2,"minecraft:grass_block":15,"minecraft:spruce_leaves":9,"minecraft:rooted_dirt":41,"minecraft:large_fern":1,"minecraft:furnace":7,"minecraft:iron_ore":42,"minecraft:cobbled_deepslate":15,"minecraft:andesite":16,"minecraft:pumpkin":34,"minecraft:deepslate_lapis_ore":11,"minecraft:pointed_dripstone":16,"minecraft:deepslate_iron_ore":24,"minecraft:stone":188,"minecraft:podzol":1,"minecraft:deepslate_redstone_ore":8,"minecraft:spruce_door":1,"minecraft:crafting_table":14,"minecraft:short_grass":26,"minecraft:chest":1,"minecraft:cobblestone":3,"minecraft:copper_ore":11,"minecraft:deepslate_gold_ore":20,"minecraft:sugar_cane":17,"minecraft:diorite":41,"minecraft:wall_torch":6,"minecraft:spruce_log":195,"minecraft:coal_ore":20,"minecraft:dripstone_block":6,"minecraft:dirt":55,"minecraft:gold_ore":15,"minecraft:oak_leaves":2,"minecraft:deepslate":282,"minecraft:fern":3},"minecraft:used":{"minecraft:chest":2,"minecraft:spruce_planks":1,"minecraft:shield":8,"minecraft:iron_sword":16,"minecraft:cooked_chicken":1,"minecraft:torch":82,"minecraft:dirt":56,"minecraft:granite":2,"minecraft:spruce_boat":1,"minecraft:wooden_axe":54,"minecraft:iron_axe":56,"minecraft:rooted_dirt":16,"minecraft:furnace":9,"minecraft:cooked_beef":3,"minecraft:cobbled_deepslate":141,"minecraft:iron_leggings":1,"minecraft:pointed_dripstone":26,"minecraft:cooked_mutton":6,"minecraft:water_bucket":3,"minecraft:diorite":40,"minecraft:spruce_door":5,"minecraft:stone_pickaxe":258,"minecraft:wooden_pickaxe":28,"minecraft:sugar_cane":12,"minecraft:crafting_table":15,"minecraft:white_bed":6,"minecraft:dripstone_block":8,"minecraft:spruce_log":1,"minecraft:iron_pickaxe":534,"minecraft:spruce_sapling":1,"minecraft:stone_axe":163,"minecraft:cobblestone":16,"minecraft:andesite":13,"minecraft:bucket":4,"minecraft:pumpkin_pie":1}},"DataVersion":3839}