{"stats":{"minecraft:mined":{"minecraft:grass_block":1,"minecraft:spruce_leaves":17,"minecraft:dirt":2},"minecraft:used":{"minecraft:dirt":1},"minecraft:picked_up":{"minecraft:dirt":3},"minecraft:custom":{"minecraft:jump":109,"minecraft:time_since_rest":15626,"minecraft:leave_game":1,"minecraft:crouch_one_cm":138,"minecraft:sprint_one_cm":8575,"minecraft:play_time":15626,"minecraft:time_since_death":15626,"minecraft:walk_one_cm":15054,"minecraft:sneak_time":33,"minecraft:total_world_time":15626,"minecraft:fall_one_cm":1521,"minecraft:fly_one_cm":7635}},"DataVersion":3839}