{"stats":{"minecraft:dropped":{"minecraft:gravel":5,"minecraft:wheat_seeds":2,"minecraft:stone_sword":1,"minecraft:raw_iron":3,"minecraft:wooden_pickaxe":2},"minecraft:killed_by":{"minecraft:wither_skeleton":2,"minecraft:blaze":1},"minecraft:killed":{"minecraft:pig":10,"minecraft:zombie":3,"minecraft:cow":7},"minecraft:custom":{"minecraft:interact_with_furnace":49,"minecraft:mob_kills":21,"minecraft:interact_with_crafting_table":20,"minecraft:leave_game":1,"minecraft:time_since_death":9446,"minecraft:time_since_rest":9488,"minecraft:sprint_one_cm":144075,"minecraft:damage_taken":2074,"minecraft:walk_one_cm":270458,"minecraft:drop":6,"minecraft:damage_dealt":2808,"minecraft:player_kills":1,"minecraft:swim_one_cm":2871,"minecraft:fly_one_cm":240661,"minecraft:open_chest":1,"minecraft:crouch_one_cm":19905,"minecraft:play_time":70809,"minecraft:deaths":6,"minecraft:sneak_time":6275,"minecraft:walk_under_water_one_cm":3895,"minecraft:jump":1495,"minecraft:walk_on_water_one_cm":6439,"minecraft:total_world_time":70809,"minecraft:fall_one_cm":52381},"minecraft:crafted":{"minecraft:cooked_beef":8,"minecraft:oak_planks":92,"minecraft:cooked_porkchop":25,"minecraft:crafting_table":4,"minecraft:spruce_planks":48,"minecraft:wooden_pickaxe":2,"minecraft:iron_helmet":1,"minecraft:iron_sword":1,"minecraft:furnace":4,"minecraft:bucket":1,"minecraft:birch_planks":28,"minecraft:stone_axe":2,"minecraft:air":0,"minecraft:flint_and_steel":1,"minecraft:iron_boots":1,"minecraft:iron_chestplate":1,"minecraft:shield":1,"minecraft:stick":24,"minecraft:iron_ingot":30,"minecraft:iron_pickaxe":1,"minecraft:stone_pickaxe":2,"minecraft:stone_sword":2,"minecraft:iron_leggings":1,"minecraft:torch":4},"minecraft:picked_up":{"minecraft:birch_log":7,"minecraft:crafting_table":2,"minecraft:basalt":6,"minecraft:cooked_beef":3,"minecraft:glow_ink_sac":2,"minecraft:leather":11,"minecraft:brown_mushroom":3,"minecraft:birch_planks":1,"minecraft:flint":1,"minecraft:oak_log":23,"minecraft:dirt":3,"minecraft:blackstone":4,"minecraft:wheat_seeds":4,"minecraft:iron_ingot":5,"minecraft:beef":19,"minecraft:oak_planks":2,"minecraft:furnace":7,"minecraft:stick":2,"minecraft:raw_iron":47,"minecraft:gravel":22,"minecraft:porkchop":25,"minecraft:spruce_log":12,"minecraft:netherrack":18,"minecraft:coal":131,"minecraft:cobblestone":86},"minecraft:mined":{"minecraft:brown_mushroom":1,"minecraft:blackstone":3,"minecraft:basalt":10,"minecraft:crafting_table":2,"minecraft:short_grass":10,"minecraft:grass_block":3,"minecraft:cobblestone":27,"minecraft:oak_planks":2,"minecraft:birch_planks":1,"minecraft:furnace":7,"minecraft:birch_log":10,"minecraft:iron_ore":41,"minecraft:fire":1,"minecraft:spruce_log":12,"minecraft:birch_leaves":19,"minecraft:oak_log":23,"minecraft:coal_ore":41,"minecraft:gravel":10,"minecraft:stone":60,"minecraft:netherrack":19,"minecraft:oak_leaves":5,"minecraft:fern":2},"minecraft:used":{"minecraft:water_bucket":28,"minecraft:stone_sword":25,"minecraft:flint_and_steel":1,"minecraft:birch_planks":4,"minecraft:stone_pickaxe":104,"minecraft:oak_planks":19,"minecraft:blackstone":4,"minecraft:wooden_pickaxe":6,"minecraft:iron_sword":25,"minecraft:torch":1,"minecraft:crafting_table":6,"minecraft:lava_bucket":12,"minecraft:iron_pickaxe":99,"minecraft:iron_boots":1,"minecraft:gravel":8,"minecraft:basalt":6,"minecraft:stone_axe":34,"minecraft:cobblestone":20,"minecraft:beef":2,"minecraft:furnace":8,"minecraft:cooked_porkchop":2,"minecraft:bucket":41,"minecraft:cooked_beef":7}},"DataVersion":3839}