{"stats":{"minecraft:dropped":{"minecraft:gravel":5,"minecraft:wheat_seeds":2,"minecraft:stone_sword":1,"minecraft:raw_iron":3,"minecraft:cobblestone":1,"minecraft:oak_sapling":1,"minecraft:wooden_pickaxe":2,"minecraft:bone":1},"minecraft:killed_by":{"minecraft:wither_skeleton":2,"minecraft:blaze":1},"minecraft:killed":{"minecraft:pig":16,"minecraft:witch":1,"minecraft:salmon":5,"minecraft:spider":1,"minecraft:sheep":2,"minecraft:skeleton":1,"minecraft:zombie":10,"minecraft:chicken":3,"minecraft:cow":13},"minecraft:custom":{"minecraft:interact_with_furnace":61,"minecraft:mob_kills":53,"minecraft:interact_with_crafting_table":29,"minecraft:leave_game":1,"minecraft:time_since_death":57446,"minecraft:climb_one_cm":134,"minecraft:time_since_rest":57488,"minecraft:sprint_one_cm":215139,"minecraft:damage_taken":2561,"minecraft:walk_one_cm":533828,"minecraft:drop":9,"minecraft:damage_dealt":6591,"minecraft:player_kills":1,"minecraft:swim_one_cm":24790,"minecraft:fly_one_cm":387869,"minecraft:open_chest":1,"minecraft:crouch_one_cm":29541,"minecraft:play_time":118809,"minecraft:deaths":6,"minecraft:sneak_time":9699,"minecraft:walk_under_water_one_cm":11329,"minecraft:jump":2630,"minecraft:enchant_item":6,"minecraft:walk_on_water_one_cm":17732,"minecraft:total_world_time":118809,"minecraft:fall_one_cm":79870},"minecraft:crafted":{"minecraft:cooked_beef":8,"minecraft:oak_planks":92,"minecraft:diamond_sword":1,"minecraft:cooked_porkchop":37,"minecraft:crafting_table":8,"minecraft:enchanting_table":1,"minecraft:spruce_planks":48,"minecraft:wooden_pickaxe":2,"minecraft:iron_helmet":1,"minecraft:iron_sword":1,"minecraft:furnace":4,"minecraft:cooked_salmon":3,"minecraft:bucket":2,"minecraft:birch_planks":28,"minecraft:stone_axe":2,"minecraft:air":0,"minecraft:flint_and_steel":1,"minecraft:book":1,"minecraft:paper":3,"minecraft:diamond_helmet":1,"minecraft:diamond_leggings":1,"minecraft:diamond_pickaxe":1,"minecraft:iron_boots":1,"minecraft:iron_chestplate":1,"minecraft:shield":1,"minecraft:stick":32,"minecraft:iron_ingot":36,"minecraft:iron_pickaxe":2,"minecraft:stone_pickaxe":2,"minecraft:stone_sword":2,"minecraft:diamond_boots":1,"minecraft:iron_leggings":1,"minecraft:torch":8,"minecraft:diamond_chestplate":1},"minecraft:picked_up":{"minecraft:enchanting_table":1,"minecraft:birch_log":7,"minecraft:crafting_table":3,"minecraft:feather":1,"minecraft:basalt":6,"minecraft:cooked_beef":3,"minecraft:chicken":3,"minecraft:glow_ink_sac":2,"minecraft:salmon":4,"minecraft:leather":17,"minecraft:brown_mushroom":3,"minecraft:birch_planks":1,"minecraft:flint":1,"minecraft:oak_log":52,"minecraft:lapis_lazuli":11,"minecraft:dirt":10,"minecraft:bone":2,"minecraft:blackstone":4,"minecraft:wheat_seeds":4,"minecraft:cobbled_deepslate":16,"minecraft:raw_gold":3,"minecraft:iron_ingot":6,"minecraft:beef":32,"minecraft:moss_block":3,"minecraft:sugar_cane":10,"minecraft:oak_planks":2,"minecraft:egg":2,"minecraft:furnace":10,"minecraft:stick":4,"minecraft:raw_iron":79,"minecraft:torch":2,"minecraft:dripstone_block":1,"minecraft:gravel":22,"minecraft:porkchop":37,"minecraft:spruce_log":12,"minecraft:rotten_flesh":4,"minecraft:diamond":31,"minecraft:oak_sapling":1,"minecraft:obsidian":4,"minecraft:mutton":3,"minecraft:glow_berries":19,"minecraft:netherrack":18,"minecraft:coal":134,"minecraft:white_wool":2,"minecraft:cobblestone":89},"minecraft:mined":{"minecraft:brown_mushroom":1,"minecraft:blackstone":3,"minecraft:deepslate_diamond_ore":31,"minecraft:basalt":10,"minecraft:obsidian":4,"minecraft:crafting_table":3,"minecraft:short_grass":12,"minecraft:grass_block":4,"minecraft:cobblestone":27,"minecraft:deepslate_gold_ore":3,"minecraft:lapis_ore":2,"minecraft:sugar_cane":6,"minecraft:moss_block":5,"minecraft:oak_planks":2,"minecraft:tall_seagrass":1,"minecraft:birch_planks":1,"minecraft:furnace":10,"minecraft:birch_log":10,"minecraft:iron_ore":60,"minecraft:fire":1,"minecraft:spruce_log":12,"minecraft:birch_leaves":19,"minecraft:enchanting_table":1,"minecraft:oak_log":52,"minecraft:coal_ore":42,"minecraft:deepslate_iron_ore":13,"minecraft:dirt":6,"minecraft:gravel":10,"minecraft:dripstone_block":1,"minecraft:stone":63,"minecraft:netherrack":19,"minecraft:oak_leaves":7,"minecraft:deepslate":12,"minecraft:fern":2},"minecraft:used":{"minecraft:enchanting_table":1,"minecraft:water_bucket":37,"minecraft:diamond_boots":1,"minecraft:stone_sword":49,"minecraft:flint_and_steel":1,"minecraft:birch_planks":4,"minecraft:stone_pickaxe":105,"minecraft:oak_planks":19,"minecraft:blackstone":4,"minecraft:wooden_pickaxe":6,"minecraft:iron_sword":25,"minecraft:cooked_salmon":3,"minecraft:torch":7,"minecraft:glow_berries":19,"minecraft:dirt":1,"minecraft:crafting_table":11,"minecraft:diamond_helmet":1,"minecraft:diamond_pickaxe":33,"minecraft:lava_bucket":12,"minecraft:iron_pickaxe":159,"minecraft:iron_boots":1,"minecraft:gravel":8,"minecraft:diamond_chestplate":1,"minecraft:basalt":6,"minecraft:stone_axe":69,"minecraft:diamond_sword":47,"minecraft:cobblestone":26,"minecraft:beef":2,"minecraft:furnace":12,"minecraft:cooked_porkchop":4,"minecraft:bucket":51,"minecraft:cobbled_deepslate":7,"minecraft:cooked_beef":7,"minecraft:diamond_leggings":1}},"DataVersion":3839}