{"stats":{"minecraft:dropped":{"minecraft:stone_sword":1,"minecraft:wooden_pickaxe":1},"minecraft:killed":{"minecraft:pig":5,"minecraft:zombie":3,"minecraft:cow":5},"minecraft:custom":{"minecraft:time_since_rest":29487,"minecraft:interact_with_furnace":31,"minecraft:sprint_one_cm":58220,"minecraft:damage_taken":365,"minecraft:walk_one_cm":73274,"minecraft:mob_kills":14,"minecraft:drop":2,"minecraft:damage_dealt":1734,"minecraft:swim_one_cm":2871,"minecraft:interact_with_crafting_table":15,"minecraft:fly_one_cm":79225,"minecraft:crouch_one_cm":11452,"minecraft:play_time":29487,"minecraft:sneak_time":3592,"minecraft:walk_under_water_one_cm":3210,"minecraft:jump":444,"minecraft:time_since_death":29487,"minecraft:walk_on_water_one_cm":3524,"minecraft:total_world_time":29487,"minecraft:fall_one_cm":10371},"minecraft:picked_up":{"minecraft:birch_log":7,"minecraft:crafting_table":2,"minecraft:raw_iron":41,"minecraft:cooked_beef":3,"minecraft:glow_ink_sac":2,"minecraft:leather":5,"minecraft:birch_planks":1,"minecraft:porkchop":14,"minecraft:oak_log":15,"minecraft:dirt":3,"minecraft:iron_ingot":5,"minecraft:beef":11,"minecraft:coal":102,"minecraft:cobblestone":51,"minecraft:furnace":5},"minecraft:crafted":{"minecraft:cooked_beef":4,"minecraft:oak_planks":60,"minecraft:iron_boots":1,"minecraft:iron_chestplate":1,"minecraft:shield":1,"minecraft:crafting_table":2,"minecraft:stick":16,"minecraft:iron_helmet":1,"minecraft:iron_ingot":30,"minecraft:wooden_pickaxe":1,"minecraft:iron_pickaxe":1,"minecraft:stone_pickaxe":1,"minecraft:stone_sword":1,"minecraft:iron_sword":1,"minecraft:iron_leggings":1,"minecraft:furnace":2,"minecraft:bucket":1,"minecraft:torch":4,"minecraft:birch_planks":28,"minecraft:stone_axe":1,"minecraft:air":0},"minecraft:mined":{"minecraft:birch_planks":1,"minecraft:furnace":5,"minecraft:iron_ore":38,"minecraft:birch_log":10,"minecraft:birch_leaves":19,"minecraft:crafting_table":2,"minecraft:oak_log":15,"minecraft:short_grass":5,"minecraft:grass_block":3,"minecraft:coal_ore":39,"minecraft:cobblestone":19,"minecraft:stone":32},"minecraft:used":{"minecraft:water_bucket":27,"minecraft:lava_bucket":11,"minecraft:stone_sword":21,"minecraft:oak_planks":1,"minecraft:birch_planks":4,"minecraft:stone_pickaxe":73,"minecraft:iron_pickaxe":57,"minecraft:wooden_pickaxe":3,"minecraft:iron_sword":15,"minecraft:iron_boots":1,"minecraft:stone_axe":19,"minecraft:torch":1,"minecraft:cobblestone":20,"minecraft:crafting_table":4,"minecraft:furnace":5,"minecraft:bucket":39,"minecraft:cooked_beef":6}},"DataVersion":3839}