{"stats":{"minecraft:dropped":{"minecraft:wooden_pickaxe":1},"minecraft:custom":{"minecraft:time_since_rest":5487,"minecraft:crouch_one_cm":4765,"minecraft:play_time":5487,"minecraft:sprint_one_cm":13819,"minecraft:damage_taken":150,"minecraft:walk_one_cm":13183,"minecraft:sneak_time":1484,"minecraft:drop":1,"minecraft:jump":78,"minecraft:damage_dealt":10,"minecraft:time_since_death":5487,"minecraft:total_world_time":5487,"minecraft:interact_with_crafting_table":4,"minecraft:fall_one_cm":3145,"minecraft:fly_one_cm":16450},"minecraft:picked_up":{"minecraft:birch_log":7,"minecraft:cobblestone":24},"minecraft:crafted":{"minecraft:stone_sword":1,"minecraft:furnace":2,"minecraft:birch_planks":28,"minecraft:stone_axe":1,"minecraft:crafting_table":1,"minecraft:stick":8,"minecraft:wooden_pickaxe":1,"minecraft:stone_pickaxe":1},"minecraft:mined":{"minecraft:birch_log":10,"minecraft:stone":24,"minecraft:birch_leaves":19},"minecraft:used":{"minecraft:crafting_table":1,"minecraft:stone_pickaxe":21,"minecraft:wooden_pickaxe":3}},"DataVersion":3839}