{"stats":{"minecraft:dropped":{"minecraft:gravel":5,"minecraft:wheat_seeds":2,"minecraft:stone_sword":1,"minecraft:raw_iron":3,"minecraft:wooden_pickaxe":2},"minecraft:killed_by":{"minecraft:wither_skeleton":2,"minecraft:blaze":1},"minecraft:killed":{"minecraft:pig":10,"minecraft:spider":1,"minecraft:skeleton":1,"minecraft:zombie":7,"minecraft:cow":7},"minecraft:custom":{"minecraft:interact_with_furnace":53,"minecraft:mob_kills":27,"minecraft:interact_with_crafting_table":27,"minecraft:leave_game":1,"minecraft:time_since_death":33446,"minecraft:climb_one_cm":134,"minecraft:time_since_rest":33488,"minecraft:sprint_one_cm":185413,"minecraft:damage_taken":2428,"minecraft:walk_one_cm":392468,"minecraft:drop":6,"minecraft:damage_dealt":3981,"minecraft:player_kills":1,"minecraft:swim_one_cm":3909,"minecraft:fly_one_cm":329918,"minecraft:open_chest":1,"minecraft:crouch_one_cm":29166,"minecraft:play_time":94809,"minecraft:deaths":6,"minecraft:sneak_time":9443,"minecraft:walk_under_water_one_cm":4546,"minecraft:jump":2207,"minecraft:walk_on_water_one_cm":8600,"minecraft:total_world_time":94809,"minecraft:fall_one_cm":72590},"minecraft:crafted":{"minecraft:cooked_beef":8,"minecraft:oak_planks":92,"minecraft:diamond_sword":1,"minecraft:cooked_porkchop":25,"minecraft:crafting_table":7,"minecraft:spruce_planks":48,"minecraft:wooden_pickaxe":2,"minecraft:iron_helmet":1,"minecraft:iron_sword":1,"minecraft:furnace":4,"minecraft:bucket":2,"minecraft:birch_planks":28,"minecraft:stone_axe":2,"minecraft:air":0,"minecraft:flint_and_steel":1,"minecraft:diamond_helmet":1,"minecraft:diamond_leggings":1,"minecraft:diamond_pickaxe":1,"minecraft:iron_boots":1,"minecraft:iron_chestplate":1,"minecraft:shield":1,"minecraft:stick":32,"minecraft:iron_ingot":36,"minecraft:iron_pickaxe":2,"minecraft:stone_pickaxe":2,"minecraft:stone_sword":2,"minecraft:diamond_boots":1,"minecraft:iron_leggings":1,"minecraft:torch":8,"minecraft:diamond_chestplate":1},"minecraft:picked_up":{"minecraft:birch_log":7,"minecraft:crafting_table":3,"minecraft:basalt":6,"minecraft:cooked_beef":3,"minecraft:glow_ink_sac":2,"minecraft:leather":11,"minecraft:brown_mushroom":3,"minecraft:birch_planks":1,"minecraft:flint":1,"minecraft:oak_log":23,"minecraft:lapis_lazuli":11,"minecraft:dirt":3,"minecraft:bone":1,"minecraft:blackstone":4,"minecraft:wheat_seeds":4,"minecraft:cobbled_deepslate":16,"minecraft:raw_gold":3,"minecraft:iron_ingot":5,"minecraft:beef":19,"minecraft:moss_block":3,"minecraft:oak_planks":2,"minecraft:furnace":9,"minecraft:stick":2,"minecraft:raw_iron":79,"minecraft:torch":2,"minecraft:dripstone_block":1,"minecraft:gravel":22,"minecraft:porkchop":25,"minecraft:spruce_log":12,"minecraft:rotten_flesh":2,"minecraft:diamond":31,"minecraft:glow_berries":19,"minecraft:netherrack":18,"minecraft:coal":132,"minecraft:cobblestone":88},"minecraft:mined":{"minecraft:brown_mushroom":1,"minecraft:blackstone":3,"minecraft:deepslate_diamond_ore":31,"minecraft:basalt":10,"minecraft:crafting_table":3,"minecraft:short_grass":11,"minecraft:grass_block":3,"minecraft:cobblestone":27,"minecraft:deepslate_gold_ore":3,"minecraft:lapis_ore":2,"minecraft:moss_block":5,"minecraft:oak_planks":2,"minecraft:birch_planks":1,"minecraft:furnace":9,"minecraft:birch_log":10,"minecraft:iron_ore":60,"minecraft:fire":1,"minecraft:spruce_log":12,"minecraft:birch_leaves":19,"minecraft:oak_log":23,"minecraft:coal_ore":42,"minecraft:deepslate_iron_ore":13,"minecraft:gravel":10,"minecraft:dripstone_block":1,"minecraft:stone":62,"minecraft:netherrack":19,"minecraft:oak_leaves":5,"minecraft:deepslate":12,"minecraft:fern":2},"minecraft:used":{"minecraft:water_bucket":34,"minecraft:diamond_boots":1,"minecraft:stone_sword":49,"minecraft:flint_and_steel":1,"minecraft:birch_planks":4,"minecraft:stone_pickaxe":105,"minecraft:oak_planks":19,"minecraft:blackstone":4,"minecraft:wooden_pickaxe":6,"minecraft:iron_sword":25,"minecraft:torch":7,"minecraft:glow_berries":19,"minecraft:crafting_table":10,"minecraft:diamond_helmet":1,"minecraft:diamond_pickaxe":26,"minecraft:lava_bucket":12,"minecraft:iron_pickaxe":159,"minecraft:iron_boots":1,"minecraft:gravel":8,"minecraft:diamond_chestplate":1,"minecraft:basalt":6,"minecraft:stone_axe":35,"minecraft:diamond_sword":1,"minecraft:cobblestone":26,"minecraft:beef":2,"minecraft:furnace":10,"minecraft:cooked_porkchop":3,"minecraft:bucket":48,"minecraft:cobbled_deepslate":7,"minecraft:cooked_beef":7,"minecraft:diamond_leggings":1}},"DataVersion":3839}