{"stats":{"minecraft:dropped":{"minecraft:wooden_pickaxe":1},"minecraft:killed":{"minecraft:zombie":3,"minecraft:cow":3},"minecraft:custom":{"minecraft:time_since_rest":17487,"minecraft:interact_with_furnace":10,"minecraft:sprint_one_cm":31932,"minecraft:damage_taken":355,"minecraft:walk_one_cm":35951,"minecraft:mob_kills":6,"minecraft:drop":1,"minecraft:damage_dealt":974,"minecraft:swim_one_cm":1561,"minecraft:interact_with_crafting_table":7,"minecraft:fly_one_cm":37834,"minecraft:crouch_one_cm":8695,"minecraft:play_time":17487,"minecraft:sneak_time":2818,"minecraft:walk_under_water_one_cm":1186,"minecraft:jump":210,"minecraft:time_since_death":17487,"minecraft:walk_on_water_one_cm":2282,"minecraft:total_world_time":17487,"minecraft:fall_one_cm":5357},"minecraft:picked_up":{"minecraft:birch_log":7,"minecraft:crafting_table":1,"minecraft:raw_iron":23,"minecraft:cooked_beef":3,"minecraft:leather":3,"minecraft:birch_planks":1,"minecraft:beef":7,"minecraft:coal":71,"minecraft:cobblestone":29,"minecraft:furnace":3},"minecraft:crafted":{"minecraft:cooked_beef":4,"minecraft:shield":1,"minecraft:crafting_table":2,"minecraft:stick":16,"minecraft:iron_ingot":11,"minecraft:wooden_pickaxe":1,"minecraft:iron_pickaxe":1,"minecraft:stone_pickaxe":1,"minecraft:stone_sword":1,"minecraft:furnace":2,"minecraft:torch":4,"minecraft:birch_planks":28,"minecraft:stone_axe":1,"minecraft:air":0},"minecraft:mined":{"minecraft:birch_planks":1,"minecraft:furnace":3,"minecraft:iron_ore":23,"minecraft:birch_log":10,"minecraft:birch_leaves":19,"minecraft:crafting_table":1,"minecraft:coal_ore":39,"minecraft:stone":29},"minecraft:used":{"minecraft:stone_sword":19,"minecraft:birch_planks":4,"minecraft:stone_pickaxe":73,"minecraft:iron_pickaxe":18,"minecraft:wooden_pickaxe":3,"minecraft:stone_axe":2,"minecraft:torch":1,"minecraft:cobblestone":5,"minecraft:crafting_table":2,"minecraft:furnace":3,"minecraft:cooked_beef":4}},"DataVersion":3839}