{"stats":{"minecraft:dropped":{"minecraft:gravel":5,"minecraft:wheat_seeds":2,"minecraft:stone_sword":1,"minecraft:raw_iron":3,"minecraft:wooden_pickaxe":1},"minecraft:killed_by":{"minecraft:wither_skeleton":1,"minecraft:blaze":1},"minecraft:killed":{"minecraft:pig":8,"minecraft:zombie":3,"minecraft:cow":7},"minecraft:custom":{"minecraft:interact_with_furnace":45,"minecraft:mob_kills":19,"minecraft:interact_with_crafting_table":16,"minecraft:leave_game":1,"minecraft:time_since_death":2606,"minecraft:time_since_rest":2637,"minecraft:sprint_one_cm":117601,"minecraft:damage_taken":1179,"minecraft:walk_one_cm":180009,"minecraft:drop":5,"minecraft:damage_dealt":2306,"minecraft:swim_one_cm":2871,"minecraft:fly_one_cm":190604,"minecraft:open_chest":1,"minecraft:crouch_one_cm":17220,"minecraft:play_time":52809,"minecraft:deaths":3,"minecraft:sneak_time":5478,"minecraft:walk_under_water_one_cm":3210,"minecraft:jump":1050,"minecraft:walk_on_water_one_cm":5147,"minecraft:total_world_time":52809,"minecraft:fall_one_cm":33605},"minecraft:crafted":{"minecraft:cooked_beef":8,"minecraft:oak_planks":92,"minecraft:cooked_porkchop":22,"minecraft:crafting_table":2,"minecraft:wooden_pickaxe":1,"minecraft:iron_helmet":1,"minecraft:iron_sword":1,"minecraft:furnace":2,"minecraft:bucket":1,"minecraft:birch_planks":28,"minecraft:stone_axe":1,"minecraft:air":0,"minecraft:flint_and_steel":1,"minecraft:iron_boots":1,"minecraft:iron_chestplate":1,"minecraft:shield":1,"minecraft:stick":16,"minecraft:iron_ingot":30,"minecraft:iron_pickaxe":1,"minecraft:stone_pickaxe":1,"minecraft:stone_sword":1,"minecraft:iron_leggings":1,"minecraft:torch":4},"minecraft:picked_up":{"minecraft:birch_log":7,"minecraft:crafting_table":2,"minecraft:basalt":6,"minecraft:cooked_beef":3,"minecraft:glow_ink_sac":2,"minecraft:leather":8,"minecraft:brown_mushroom":1,"minecraft:birch_planks":1,"minecraft:flint":1,"minecraft:oak_log":23,"minecraft:dirt":3,"minecraft:blackstone":4,"minecraft:wheat_seeds":4,"minecraft:iron_ingot":5,"minecraft:beef":15,"minecraft:oak_planks":2,"minecraft:furnace":7,"minecraft:stick":2,"minecraft:raw_iron":44,"minecraft:gravel":14,"minecraft:porkchop":22,"minecraft:netherrack":18,"minecraft:coal":129,"minecraft:cobblestone":58},"minecraft:mined":{"minecraft:brown_mushroom":1,"minecraft:blackstone":3,"minecraft:basalt":10,"minecraft:crafting_table":2,"minecraft:short_grass":9,"minecraft:grass_block":3,"minecraft:cobblestone":27,"minecraft:oak_planks":2,"minecraft:birch_planks":1,"minecraft:furnace":7,"minecraft:birch_log":10,"minecraft:iron_ore":38,"minecraft:fire":1,"minecraft:birch_leaves":19,"minecraft:oak_log":23,"minecraft:coal_ore":39,"minecraft:gravel":10,"minecraft:stone":32,"minecraft:netherrack":19,"minecraft:oak_leaves":5},"minecraft:used":{"minecraft:water_bucket":28,"minecraft:stone_sword":21,"minecraft:flint_and_steel":1,"minecraft:birch_planks":4,"minecraft:stone_pickaxe":73,"minecraft:oak_planks":19,"minecraft:blackstone":4,"minecraft:wooden_pickaxe":3,"minecraft:iron_sword":25,"minecraft:torch":1,"minecraft:crafting_table":4,"minecraft:lava_bucket":12,"minecraft:iron_pickaxe":99,"minecraft:iron_boots":1,"minecraft:gravel":4,"minecraft:basalt":6,"minecraft:stone_axe":34,"minecraft:cobblestone":20,"minecraft:furnace":7,"minecraft:bucket":41,"minecraft:cooked_beef":7}},"DataVersion":3839}