{"stats":{"minecraft:dropped":{"minecraft:wheat_seeds":2,"minecraft:dripstone_block":1,"minecraft:cobblestone":1,"minecraft:bone":1,"minecraft:gravel":5,"minecraft:stone_sword":1,"minecraft:raw_iron":3,"minecraft:oak_sapling":1,"minecraft:wooden_pickaxe":2},"minecraft:killed_by":{"minecraft:wither_skeleton":2,"minecraft:blaze":1},"minecraft:killed":{"minecraft:witch":1,"minecraft:spider":1,"minecraft:skeleton":1,"minecraft:chicken":3,"minecraft:piglin":1,"minecraft:pig":16,"minecraft:salmon":10,"minecraft:sheep":2,"minecraft:zombie":10,"minecraft:blaze":12,"minecraft:cow":17},"minecraft:custom":{"minecraft:mob_kills":75,"minecraft:interact_with_crafting_table":33,"minecraft:leave_game":1,"minecraft:time_since_death":81446,"minecraft:climb_one_cm":300,"minecraft:sprint_one_cm":281262,"minecraft:walk_one_cm":573292,"minecraft:drop":10,"minecraft:play_time":142809,"minecraft:deaths":6,"minecraft:sneak_time":11916,"minecraft:walk_under_water_one_cm":13485,"minecraft:jump":3303,"minecraft:walk_on_water_one_cm":18796,"minecraft:enchant_item":6,"minecraft:total_world_time":142809,"minecraft:interact_with_furnace":63,"minecraft:time_since_rest":81488,"minecraft:damage_taken":3052,"minecraft:damage_dealt":9058,"minecraft:swim_one_cm":30593,"minecraft:fly_one_cm":515471,"minecraft:player_kills":1,"minecraft:open_chest":1,"minecraft:crouch_one_cm":41032,"minecraft:fall_one_cm":105786},"minecraft:crafted":{"minecraft:oak_planks":208,"minecraft:furnace":4,"minecraft:cooked_mutton":3,"minecraft:flint_and_steel":1,"minecraft:diamond_helmet":1,"minecraft:diamond_leggings":1,"minecraft:iron_boots":1,"minecraft:stone_pickaxe":2,"minecraft:diamond_boots":1,"minecraft:cooked_beef":21,"minecraft:diamond_sword":1,"minecraft:cooked_porkchop":37,"minecraft:crafting_table":10,"minecraft:spruce_planks":48,"minecraft:enchanting_table":1,"minecraft:wooden_pickaxe":2,"minecraft:iron_helmet":1,"minecraft:iron_sword":1,"minecraft:cooked_salmon":4,"minecraft:bucket":2,"minecraft:birch_planks":28,"minecraft:stone_axe":2,"minecraft:air":0,"minecraft:oak_boat":2,"minecraft:iron_chestplate":1,"minecraft:book":1,"minecraft:paper":3,"minecraft:diamond_pickaxe":1,"minecraft:shield":2,"minecraft:stick":32,"minecraft:iron_pickaxe":2,"minecraft:iron_ingot":36,"minecraft:stone_sword":2,"minecraft:iron_leggings":1,"minecraft:torch":8,"minecraft:diamond_chestplate":1},"minecraft:picked_up":{"minecraft:crafting_table":3,"minecraft:chicken":3,"minecraft:brown_mushroom":3,"minecraft:blackstone":4,"minecraft:cobbled_deepslate":16,"minecraft:beef":39,"minecraft:sugar_cane":10,"minecraft:furnace":13,"minecraft:egg":2,"minecraft:raw_iron":79,"minecraft:stick":4,"minecraft:torch":2,"minecraft:porkchop":37,"minecraft:dark_oak_planks":3,"minecraft:rotten_flesh":4,"minecraft:nether_bricks":21,"minecraft:blaze_rod":8,"minecraft:glow_berries":19,"minecraft:mutton":3,"minecraft:obsidian":4,"minecraft:white_wool":2,"minecraft:cobblestone":89,"minecraft:birch_log":7,"minecraft:enchanting_table":1,"minecraft:cooked_beef":3,"minecraft:feather":1,"minecraft:basalt":6,"minecraft:glow_ink_sac":2,"minecraft:salmon":9,"minecraft:leather":21,"minecraft:birch_planks":1,"minecraft:flint":1,"minecraft:oak_log":52,"minecraft:lapis_lazuli":11,"minecraft:dirt":11,"minecraft:bone":2,"minecraft:wheat_seeds":4,"minecraft:raw_gold":3,"minecraft:iron_ingot":6,"minecraft:moss_block":3,"minecraft:oak_planks":2,"minecraft:dripstone_block":1,"minecraft:gravel":22,"minecraft:spruce_log":12,"minecraft:diamond":31,"minecraft:oak_sapling":1,"minecraft:netherrack":131,"minecraft:coal":134},"minecraft:mined":{"minecraft:dark_oak_planks":1,"minecraft:deepslate_diamond_ore":31,"minecraft:obsidian":4,"minecraft:nether_bricks":22,"minecraft:grass_block":5,"minecraft:crimson_roots":1,"minecraft:moss_block":5,"minecraft:tall_seagrass":1,"minecraft:furnace":11,"minecraft:iron_ore":60,"minecraft:fire":2,"minecraft:enchanting_table":1,"minecraft:deepslate_iron_ore":13,"minecraft:stone":63,"minecraft:brown_mushroom":1,"minecraft:blackstone":3,"minecraft:crimson_nylium":6,"minecraft:basalt":10,"minecraft:crafting_table":3,"minecraft:short_grass":12,"minecraft:cobblestone":27,"minecraft:lapis_ore":2,"minecraft:deepslate_gold_ore":3,"minecraft:oak_planks":2,"minecraft:sugar_cane":6,"minecraft:birch_planks":1,"minecraft:birch_log":10,"minecraft:spruce_log":12,"minecraft:birch_leaves":19,"minecraft:coal_ore":42,"minecraft:oak_log":52,"minecraft:gravel":10,"minecraft:dripstone_block":1,"minecraft:dirt":6,"minecraft:netherrack":128,"minecraft:fern":2,"minecraft:oak_leaves":7,"minecraft:deepslate":12},"minecraft:used":{"minecraft:stone_sword":49,"minecraft:enchanting_table":1,"minecraft:flint_and_steel":1,"minecraft:iron_sword":25,"minecraft:cooked_salmon":4,"minecraft:netherrack":80,"minecraft:torch":19,"minecraft:dirt":8,"minecraft:nether_bricks":17,"minecraft:diamond_helmet":1,"minecraft:dark_oak_planks":1,"minecraft:lava_bucket":12,"minecraft:iron_boots":1,"minecraft:diamond_chestplate":1,"minecraft:basalt":6,"minecraft:beef":2,"minecraft:furnace":12,"minecraft:cooked_beef":11,"minecraft:cobbled_deepslate":16,"minecraft:cooked_mutton":3,"minecraft:water_bucket":37,"minecraft:diamond_boots":1,"minecraft:birch_planks":4,"minecraft:stone_pickaxe":105,"minecraft:oak_planks":38,"minecraft:blackstone":4,"minecraft:wooden_pickaxe":6,"minecraft:glow_berries":19,"minecraft:crafting_table":13,"minecraft:diamond_pickaxe":171,"minecraft:iron_pickaxe":159,"minecraft:gravel":8,"minecraft:stone_axe":70,"minecraft:diamond_sword":89,"minecraft:cobblestone":26,"minecraft:cooked_porkchop":4,"minecraft:bucket":51,"minecraft:diamond_leggings":1}},"DataVersion":3839}