{"stats":{"minecraft:dropped":{"minecraft:gravel":5,"minecraft:wheat_seeds":2,"minecraft:stone_sword":1,"minecraft:raw_iron":3,"minecraft:wooden_pickaxe":1},"minecraft:killed":{"minecraft:pig":8,"minecraft:zombie":3,"minecraft:cow":5},"minecraft:custom":{"minecraft:interact_with_furnace":45,"minecraft:mob_kills":17,"minecraft:interact_with_crafting_table":16,"minecraft:leave_game":1,"minecraft:time_since_death":40809,"minecraft:time_since_rest":40809,"minecraft:sprint_one_cm":83228,"minecraft:damage_taken":393,"minecraft:walk_one_cm":99325,"minecraft:drop":5,"minecraft:damage_dealt":2034,"minecraft:swim_one_cm":2871,"minecraft:fly_one_cm":125979,"minecraft:crouch_one_cm":13803,"minecraft:play_time":40809,"minecraft:sneak_time":4264,"minecraft:walk_under_water_one_cm":3210,"minecraft:jump":661,"minecraft:walk_on_water_one_cm":5147,"minecraft:total_world_time":40809,"minecraft:fall_one_cm":17033},"minecraft:crafted":{"minecraft:cooked_beef":8,"minecraft:oak_planks":60,"minecraft:cooked_porkchop":22,"minecraft:crafting_table":2,"minecraft:wooden_pickaxe":1,"minecraft:iron_helmet":1,"minecraft:iron_sword":1,"minecraft:furnace":2,"minecraft:bucket":1,"minecraft:birch_planks":28,"minecraft:stone_axe":1,"minecraft:air":0,"minecraft:flint_and_steel":1,"minecraft:iron_boots":1,"minecraft:iron_chestplate":1,"minecraft:shield":1,"minecraft:stick":16,"minecraft:iron_ingot":30,"minecraft:iron_pickaxe":1,"minecraft:stone_pickaxe":1,"minecraft:stone_sword":1,"minecraft:iron_leggings":1,"minecraft:torch":4},"minecraft:picked_up":{"minecraft:birch_log":7,"minecraft:crafting_table":2,"minecraft:basalt":6,"minecraft:cooked_beef":3,"minecraft:glow_ink_sac":2,"minecraft:leather":5,"minecraft:birch_planks":1,"minecraft:flint":1,"minecraft:oak_log":23,"minecraft:dirt":3,"minecraft:blackstone":4,"minecraft:wheat_seeds":2,"minecraft:iron_ingot":5,"minecraft:beef":11,"minecraft:oak_planks":2,"minecraft:furnace":7,"minecraft:stick":2,"minecraft:raw_iron":44,"minecraft:gravel":9,"minecraft:porkchop":22,"minecraft:netherrack":18,"minecraft:coal":129,"minecraft:cobblestone":58},"minecraft:mined":{"minecraft:blackstone":3,"minecraft:basalt":10,"minecraft:crafting_table":2,"minecraft:short_grass":8,"minecraft:grass_block":3,"minecraft:cobblestone":27,"minecraft:oak_planks":2,"minecraft:birch_planks":1,"minecraft:furnace":7,"minecraft:birch_log":10,"minecraft:iron_ore":38,"minecraft:fire":1,"minecraft:birch_leaves":19,"minecraft:oak_log":23,"minecraft:coal_ore":39,"minecraft:gravel":10,"minecraft:stone":32,"minecraft:netherrack":19,"minecraft:oak_leaves":5},"minecraft:used":{"minecraft:water_bucket":28,"minecraft:stone_sword":21,"minecraft:flint_and_steel":1,"minecraft:birch_planks":4,"minecraft:stone_pickaxe":73,"minecraft:oak_planks":11,"minecraft:blackstone":4,"minecraft:wooden_pickaxe":3,"minecraft:iron_sword":24,"minecraft:torch":1,"minecraft:crafting_table":4,"minecraft:lava_bucket":12,"minecraft:iron_pickaxe":99,"minecraft:iron_boots":1,"minecraft:gravel":4,"minecraft:stone_axe":34,"minecraft:cobblestone":20,"minecraft:furnace":7,"minecraft:bucket":41,"minecraft:cooked_beef":7}},"DataVersion":3839}