{"stats":{"minecraft:dropped":{"minecraft:pointed_dripstone":3,"minecraft:dirt":4,"minecraft:gunpowder":1,"minecraft:diorite":2,"minecraft:oak_sapling":1,"minecraft:white_wool":1,"minecraft:gold_ingot":5},"minecraft:killed":{"minecraft:magma_cube":1,"minecraft:piglin":1,"minecraft:pig":5,"minecraft:sheep":3},"minecraft:custom":{"minecraft:interact_with_furnace":19,"minecraft:mob_kills":10,"minecraft:interact_with_crafting_table":16,"minecraft:time_since_death":29255,"minecraft:sleep_in_bed":3,"minecraft:time_since_rest":12222,"minecraft:sprint_one_cm":90003,"minecraft:damage_taken":120,"minecraft:walk_one_cm":35352,"minecraft:damage_blocked_by_shield":107,"minecraft:drop":11,"minecraft:damage_dealt":910,"minecraft:swim_one_cm":358,"minecraft:fly_one_cm":132972,"minecraft:crouch_one_cm":23728,"minecraft:play_time":29255,"minecraft:sneak_time":6667,"minecraft:walk_under_water_one_cm":112,"minecraft:jump":797,"minecraft:walk_on_water_one_cm":784,"minecraft:total_world_time":29255,"minecraft:fall_one_cm":24439},"minecraft:crafted":{"minecraft:cooked_porkchop":9,"minecraft:golden_chestplate":1,"minecraft:crafting_table":11,"minecraft:spruce_planks":312,"minecraft:wooden_pickaxe":1,"minecraft:furnace":2,"minecraft:bucket":1,"minecraft:stone_axe":1,"minecraft:air":0,"minecraft:flint_and_steel":1,"minecraft:shield":1,"minecraft:stick":48,"minecraft:iron_ingot":5,"minecraft:stone_pickaxe":1,"minecraft:gold_ingot":13,"minecraft:white_bed":1,"minecraft:torch":4},"minecraft:picked_up":{"minecraft:crafting_table":3,"minecraft:andesite":4,"minecraft:flint":1,"minecraft:nether_brick":8,"minecraft:gunpowder":1,"minecraft:dirt":4,"minecraft:cooked_mutton":1,"minecraft:blackstone":9,"minecraft:gold_nugget":149,"minecraft:spruce_planks":6,"minecraft:furnace":4,"minecraft:raw_iron":5,"minecraft:torch":2,"minecraft:gravel":2,"minecraft:fire_charge":2,"minecraft:porkchop":17,"minecraft:pointed_dripstone":3,"minecraft:diorite":2,"minecraft:white_bed":1,"minecraft:spruce_log":78,"minecraft:crying_obsidian":2,"minecraft:oak_sapling":2,"minecraft:netherrack":5,"minecraft:mutton":4,"minecraft:coal":9,"minecraft:white_wool":4,"minecraft:cobblestone":27},"minecraft:mined":{"minecraft:nether_gold_ore":37,"minecraft:spruce_planks":6,"minecraft:white_bed":1,"minecraft:crafting_table":3,"minecraft:torch":1,"minecraft:grass_block":1,"minecraft:diorite":2,"minecraft:furnace":4,"minecraft:iron_ore":5,"minecraft:fire":13,"minecraft:spruce_log":78,"minecraft:andesite":4,"minecraft:pointed_dripstone":3,"minecraft:coal_ore":8,"minecraft:gravel":3,"minecraft:stone":27,"minecraft:netherrack":5,"minecraft:oak_leaves":2},"minecraft:used":{"minecraft:water_bucket":24,"minecraft:flint_and_steel":1,"minecraft:stone_pickaxe":91,"minecraft:wooden_pickaxe":3,"minecraft:spruce_planks":199,"minecraft:shield":3,"minecraft:netherrack":1,"minecraft:torch":3,"minecraft:crafting_table":10,"minecraft:white_bed":2,"minecraft:golden_chestplate":1,"minecraft:lava_bucket":10,"minecraft:gravel":2,"minecraft:stone_axe":97,"minecraft:furnace":5,"minecraft:oak_sapling":1,"minecraft:cooked_porkchop":5,"minecraft:bucket":35}},"DataVersion":3839}