{"stats":{"minecraft:dropped":{"minecraft:raw_iron":3,"minecraft:pointed_dripstone":3,"minecraft:rotten_flesh":3,"minecraft:dirt":4,"minecraft:gunpowder":1,"minecraft:diorite":2,"minecraft:oak_sapling":1,"minecraft:wooden_pickaxe":2,"minecraft:white_wool":1,"minecraft:gold_ingot":25},"minecraft:broken":{"minecraft:stone_pickaxe":1,"minecraft:stone_axe":2},"minecraft:killed":{"minecraft:magma_cube":2,"minecraft:piglin":1,"minecraft:pig":5,"minecraft:sheep":6,"minecraft:skeleton":2,"minecraft:zombie":4,"minecraft:wither_skeleton":4,"minecraft:blaze":14},"minecraft:custom":{"minecraft:interact_with_furnace":31,"minecraft:mob_kills":38,"minecraft:interact_with_crafting_table":42,"minecraft:leave_game":1,"minecraft:time_since_death":27205,"minecraft:sleep_in_bed":10,"minecraft:climb_one_cm":3,"minecraft:time_since_rest":7305,"minecraft:sprint_one_cm":196629,"minecraft:damage_taken":1767,"minecraft:walk_one_cm":123060,"minecraft:damage_blocked_by_shield":1027,"minecraft:drop":28,"minecraft:damage_dealt":6454,"minecraft:swim_one_cm":358,"minecraft:fly_one_cm":267477,"minecraft:crouch_one_cm":47304,"minecraft:play_time":80637,"minecraft:deaths":1,"minecraft:sneak_time":13190,"minecraft:walk_under_water_one_cm":112,"minecraft:jump":1707,"minecraft:walk_on_water_one_cm":902,"minecraft:total_world_time":80637,"minecraft:fall_one_cm":48883},"minecraft:crafted":{"minecraft:cooked_porkchop":13,"minecraft:crafting_table":12,"minecraft:golden_chestplate":1,"minecraft:spruce_planks":312,"minecraft:wooden_pickaxe":3,"minecraft:bowl":12,"minecraft:furnace":2,"minecraft:mushroom_stew":15,"minecraft:bucket":1,"minecraft:stone_axe":3,"minecraft:cooked_mutton":4,"minecraft:air":0,"minecraft:flint_and_steel":1,"minecraft:shield":1,"minecraft:stick":64,"minecraft:iron_ingot":6,"minecraft:stone_pickaxe":3,"minecraft:gold_ingot":24,"minecraft:white_bed":1,"minecraft:spruce_boat":1,"minecraft:dark_oak_planks":44,"minecraft:torch":28},"minecraft:picked_up":{"minecraft:crafting_table":6,"minecraft:basalt":94,"minecraft:andesite":4,"minecraft:wooden_pickaxe":1,"minecraft:brown_mushroom":18,"minecraft:red_mushroom":28,"minecraft:flint":2,"minecraft:nether_brick":27,"minecraft:gunpowder":1,"minecraft:wither_skeleton_skull":2,"minecraft:dirt":12,"minecraft:cooked_mutton":1,"minecraft:bone":6,"minecraft:blackstone":23,"minecraft:gold_nugget":222,"minecraft:spruce_planks":6,"minecraft:iron_nugget":15,"minecraft:light_gray_wool":1,"minecraft:furnace":5,"minecraft:iron_boots":1,"minecraft:raw_iron":8,"minecraft:torch":2,"minecraft:quartz":5,"minecraft:dripstone_block":1,"minecraft:gravel":14,"minecraft:fire_charge":3,"minecraft:porkchop":17,"minecraft:pointed_dripstone":9,"minecraft:diorite":4,"minecraft:white_bed":2,"minecraft:spruce_log":78,"minecraft:dark_oak_log":11,"minecraft:crying_obsidian":2,"minecraft:arrow":3,"minecraft:rotten_flesh":5,"minecraft:gold_ingot":9,"minecraft:obsidian":1,"minecraft:oak_sapling":3,"minecraft:blaze_rod":7,"minecraft:netherrack":34,"minecraft:mutton":10,"minecraft:coal":29,"minecraft:white_wool":7,"minecraft:cobblestone":65,"minecraft:ender_pearl":3},"minecraft:mined":{"minecraft:nether_gold_ore":57,"minecraft:spruce_planks":6,"minecraft:white_bed":2,"minecraft:blackstone":6,"minecraft:dark_oak_leaves":2,"minecraft:dark_oak_log":11,"minecraft:basalt":94,"minecraft:crafting_table":6,"minecraft:torch":1,"minecraft:grass_block":2,"minecraft:brown_mushroom_block":61,"minecraft:diorite":2,"minecraft:furnace":5,"minecraft:iron_ore":5,"minecraft:fire":32,"minecraft:spruce_log":78,"minecraft:andesite":4,"minecraft:pointed_dripstone":4,"minecraft:coal_ore":27,"minecraft:dripstone_block":1,"minecraft:gravel":7,"minecraft:dirt":3,"minecraft:red_mushroom_block":43,"minecraft:stone":65,"minecraft:netherrack":34,"minecraft:oak_leaves":5},"minecraft:used":{"minecraft:cooked_mutton":5,"minecraft:water_bucket":24,"minecraft:diorite":2,"minecraft:flint_and_steel":1,"minecraft:stone_pickaxe":267,"minecraft:spruce_planks":202,"minecraft:ender_pearl":2,"minecraft:blackstone":17,"minecraft:wooden_pickaxe":46,"minecraft:shield":38,"minecraft:netherrack":34,"minecraft:white_wool":1,"minecraft:torch":4,"minecraft:dirt":6,"minecraft:crafting_table":18,"minecraft:mushroom_stew":4,"minecraft:white_bed":3,"minecraft:golden_chestplate":1,"minecraft:obsidian":1,"minecraft:lava_bucket":10,"minecraft:crying_obsidian":2,"minecraft:iron_boots":1,"minecraft:gravel":14,"minecraft:light_gray_wool":1,"minecraft:basalt":94,"minecraft:stone_axe":284,"minecraft:cobblestone":35,"minecraft:oak_sapling":2,"minecraft:furnace":7,"minecraft:cooked_porkchop":13,"minecraft:andesite":4,"minecraft:bucket":35,"minecraft:pointed_dripstone":4}},"DataVersion":3839}