{"stats":{"minecraft:dropped":{"minecraft:raw_iron":3,"minecraft:pointed_dripstone":3,"minecraft:dirt":4,"minecraft:gunpowder":1,"minecraft:diorite":2,"minecraft:oak_sapling":1,"minecraft:white_wool":1,"minecraft:gold_ingot":25},"minecraft:broken":{"minecraft:stone_pickaxe":1,"minecraft:stone_axe":1},"minecraft:killed":{"minecraft:magma_cube":2,"minecraft:piglin":1,"minecraft:pig":5,"minecraft:sheep":3,"minecraft:skeleton":2,"minecraft:wither_skeleton":4,"minecraft:blaze":14},"minecraft:custom":{"minecraft:interact_with_furnace":29,"minecraft:mob_kills":31,"minecraft:interact_with_crafting_table":28,"minecraft:leave_game":1,"minecraft:time_since_death":0,"minecraft:sleep_in_bed":3,"minecraft:time_since_rest":315,"minecraft:sprint_one_cm":141477,"minecraft:damage_taken":1562,"minecraft:walk_one_cm":90317,"minecraft:damage_blocked_by_shield":1027,"minecraft:drop":25,"minecraft:damage_dealt":5413,"minecraft:swim_one_cm":358,"minecraft:fly_one_cm":212217,"minecraft:crouch_one_cm":36980,"minecraft:play_time":53383,"minecraft:deaths":1,"minecraft:sneak_time":10398,"minecraft:walk_under_water_one_cm":112,"minecraft:jump":1284,"minecraft:walk_on_water_one_cm":784,"minecraft:total_world_time":53383,"minecraft:fall_one_cm":36207},"minecraft:crafted":{"minecraft:cooked_porkchop":13,"minecraft:golden_chestplate":1,"minecraft:crafting_table":11,"minecraft:spruce_planks":312,"minecraft:wooden_pickaxe":2,"minecraft:furnace":2,"minecraft:bucket":1,"minecraft:stone_axe":2,"minecraft:cooked_mutton":4,"minecraft:air":0,"minecraft:flint_and_steel":1,"minecraft:shield":1,"minecraft:stick":52,"minecraft:iron_ingot":6,"minecraft:stone_pickaxe":2,"minecraft:gold_ingot":24,"minecraft:white_bed":1,"minecraft:spruce_boat":1,"minecraft:torch":4},"minecraft:picked_up":{"minecraft:crafting_table":5,"minecraft:basalt":94,"minecraft:andesite":4,"minecraft:flint":2,"minecraft:nether_brick":27,"minecraft:gunpowder":1,"minecraft:wither_skeleton_skull":2,"minecraft:dirt":4,"minecraft:cooked_mutton":1,"minecraft:bone":6,"minecraft:blackstone":23,"minecraft:gold_nugget":222,"minecraft:spruce_planks":6,"minecraft:iron_nugget":15,"minecraft:iron_boots":1,"minecraft:furnace":5,"minecraft:raw_iron":8,"minecraft:torch":2,"minecraft:quartz":5,"minecraft:gravel":14,"minecraft:fire_charge":3,"minecraft:porkchop":17,"minecraft:pointed_dripstone":3,"minecraft:diorite":2,"minecraft:white_bed":1,"minecraft:spruce_log":78,"minecraft:crying_obsidian":2,"minecraft:arrow":3,"minecraft:gold_ingot":9,"minecraft:blaze_rod":7,"minecraft:oak_sapling":2,"minecraft:obsidian":1,"minecraft:netherrack":34,"minecraft:mutton":4,"minecraft:coal":10,"minecraft:white_wool":4,"minecraft:cobblestone":27,"minecraft:ender_pearl":3},"minecraft:mined":{"minecraft:nether_gold_ore":57,"minecraft:spruce_planks":6,"minecraft:white_bed":1,"minecraft:blackstone":6,"minecraft:basalt":94,"minecraft:crafting_table":5,"minecraft:torch":1,"minecraft:grass_block":1,"minecraft:diorite":2,"minecraft:furnace":5,"minecraft:iron_ore":5,"minecraft:fire":32,"minecraft:spruce_log":78,"minecraft:andesite":4,"minecraft:pointed_dripstone":3,"minecraft:coal_ore":8,"minecraft:gravel":7,"minecraft:stone":27,"minecraft:netherrack":34,"minecraft:oak_leaves":2},"minecraft:used":{"minecraft:cooked_mutton":5,"minecraft:water_bucket":24,"minecraft:flint_and_steel":1,"minecraft:stone_pickaxe":206,"minecraft:ender_pearl":2,"minecraft:blackstone":17,"minecraft:wooden_pickaxe":40,"minecraft:spruce_planks":202,"minecraft:shield":38,"minecraft:netherrack":34,"minecraft:torch":3,"minecraft:crafting_table":16,"minecraft:white_bed":2,"minecraft:golden_chestplate":1,"minecraft:obsidian":1,"minecraft:lava_bucket":10,"minecraft:crying_obsidian":2,"minecraft:iron_boots":1,"minecraft:gravel":14,"minecraft:basalt":94,"minecraft:stone_axe":166,"minecraft:cobblestone":5,"minecraft:furnace":7,"minecraft:oak_sapling":1,"minecraft:cooked_porkchop":13,"minecraft:andesite":4,"minecraft:bucket":35}},"DataVersion":3839}