{"stats":{"minecraft:dropped":{"minecraft:raw_iron":3,"minecraft:pointed_dripstone":5,"minecraft:rotten_flesh":6,"minecraft:dirt":4,"minecraft:gunpowder":1,"minecraft:diorite":2,"minecraft:oak_sapling":1,"minecraft:wooden_pickaxe":2,"minecraft:white_wool":3,"minecraft:gold_ingot":25},"minecraft:broken":{"minecraft:stone_pickaxe":1,"minecraft:stone_axe":2},"minecraft:killed":{"minecraft:magma_cube":2,"minecraft:piglin":1,"minecraft:pig":5,"minecraft:sheep":6,"minecraft:skeleton":3,"minecraft:zombie":9,"minecraft:wither_skeleton":4,"minecraft:blaze":14},"minecraft:custom":{"minecraft:interact_with_furnace":62,"minecraft:mob_kills":44,"minecraft:interact_with_crafting_table":58,"minecraft:leave_game":1,"minecraft:time_since_death":39205,"minecraft:sleep_in_bed":10,"minecraft:climb_one_cm":3,"minecraft:time_since_rest":19305,"minecraft:sprint_one_cm":238074,"minecraft:damage_taken":1902,"minecraft:walk_one_cm":149781,"minecraft:damage_blocked_by_shield":1199,"minecraft:drop":31,"minecraft:damage_dealt":7645,"minecraft:swim_one_cm":358,"minecraft:fly_one_cm":290806,"minecraft:crouch_one_cm":49053,"minecraft:play_time":92637,"minecraft:deaths":1,"minecraft:sneak_time":13626,"minecraft:walk_under_water_one_cm":112,"minecraft:jump":1866,"minecraft:walk_on_water_one_cm":2009,"minecraft:total_world_time":92637,"minecraft:fall_one_cm":54773},"minecraft:crafted":{"minecraft:cooked_porkchop":13,"minecraft:crafting_table":14,"minecraft:golden_chestplate":1,"minecraft:spruce_planks":312,"minecraft:wooden_pickaxe":3,"minecraft:iron_helmet":1,"minecraft:bowl":12,"minecraft:furnace":5,"minecraft:mushroom_stew":15,"minecraft:bucket":2,"minecraft:stone_axe":4,"minecraft:cooked_mutton":10,"minecraft:air":0,"minecraft:flint_and_steel":1,"minecraft:iron_chestplate":1,"minecraft:iron_boots":1,"minecraft:shield":2,"minecraft:stick":68,"minecraft:iron_ingot":38,"minecraft:iron_pickaxe":1,"minecraft:stone_pickaxe":3,"minecraft:iron_leggings":1,"minecraft:gold_ingot":24,"minecraft:white_bed":1,"minecraft:spruce_boat":1,"minecraft:dark_oak_planks":44,"minecraft:torch":28},"minecraft:picked_up":{"minecraft:crafting_table":6,"minecraft:basalt":94,"minecraft:andesite":4,"minecraft:wooden_pickaxe":1,"minecraft:brown_mushroom":18,"minecraft:red_mushroom":28,"minecraft:flint":2,"minecraft:nether_brick":27,"minecraft:gunpowder":1,"minecraft:wither_skeleton_skull":2,"minecraft:dirt":13,"minecraft:cooked_mutton":1,"minecraft:bone":8,"minecraft:blackstone":23,"minecraft:bow":1,"minecraft:cobbled_deepslate":6,"minecraft:gold_nugget":222,"minecraft:spruce_planks":6,"minecraft:iron_nugget":15,"minecraft:light_gray_wool":1,"minecraft:furnace":10,"minecraft:iron_boots":1,"minecraft:raw_iron":40,"minecraft:torch":4,"minecraft:quartz":5,"minecraft:dripstone_block":1,"minecraft:gravel":14,"minecraft:fire_charge":3,"minecraft:porkchop":17,"minecraft:pointed_dripstone":11,"minecraft:diorite":5,"minecraft:white_bed":2,"minecraft:spruce_log":78,"minecraft:dark_oak_log":11,"minecraft:crying_obsidian":2,"minecraft:arrow":4,"minecraft:rotten_flesh":8,"minecraft:diamond":3,"minecraft:granite":1,"minecraft:gold_ingot":9,"minecraft:obsidian":1,"minecraft:oak_sapling":3,"minecraft:blaze_rod":7,"minecraft:netherrack":34,"minecraft:mutton":10,"minecraft:coal":30,"minecraft:white_wool":7,"minecraft:cobblestone":154,"minecraft:ender_pearl":3},"minecraft:mined":{"minecraft:nether_gold_ore":57,"minecraft:spruce_planks":6,"minecraft:white_bed":2,"minecraft:blackstone":6,"minecraft:dark_oak_leaves":2,"minecraft:deepslate_diamond_ore":3,"minecraft:dark_oak_log":11,"minecraft:basalt":94,"minecraft:crafting_table":6,"minecraft:torch":2,"minecraft:granite":1,"minecraft:grass_block":2,"minecraft:brown_mushroom_block":61,"minecraft:diorite":2,"minecraft:furnace":10,"minecraft:iron_ore":34,"minecraft:fire":32,"minecraft:spruce_log":78,"minecraft:andesite":4,"minecraft:pointed_dripstone":4,"minecraft:coal_ore":27,"minecraft:deepslate_iron_ore":3,"minecraft:dripstone_block":1,"minecraft:gravel":7,"minecraft:dirt":4,"minecraft:deepslate":6,"minecraft:red_mushroom_block":43,"minecraft:stone":154,"minecraft:netherrack":34,"minecraft:oak_leaves":5},"minecraft:used":{"minecraft:cooked_mutton":5,"minecraft:water_bucket":27,"minecraft:diorite":3,"minecraft:flint_and_steel":1,"minecraft:stone_pickaxe":291,"minecraft:spruce_planks":202,"minecraft:ender_pearl":2,"minecraft:blackstone":17,"minecraft:wooden_pickaxe":46,"minecraft:shield":46,"minecraft:netherrack":34,"minecraft:iron_chestplate":1,"minecraft:white_wool":1,"minecraft:torch":18,"minecraft:dirt":8,"minecraft:crafting_table":20,"minecraft:mushroom_stew":6,"minecraft:white_bed":3,"minecraft:golden_chestplate":1,"minecraft:obsidian":1,"minecraft:dark_oak_planks":1,"minecraft:lava_bucket":10,"minecraft:crying_obsidian":2,"minecraft:iron_pickaxe":112,"minecraft:iron_helmet":1,"minecraft:iron_boots":2,"minecraft:gravel":14,"minecraft:light_gray_wool":1,"minecraft:basalt":94,"minecraft:stone_axe":298,"minecraft:cobblestone":39,"minecraft:oak_sapling":2,"minecraft:furnace":12,"minecraft:cooked_porkchop":13,"minecraft:andesite":4,"minecraft:bucket":39,"minecraft:iron_leggings":1,"minecraft:pointed_dripstone":4}},"DataVersion":3839}