{"stats":{"minecraft:custom":{"minecraft:time_since_rest":5255,"minecraft:crouch_one_cm":5532,"minecraft:play_time":5255,"minecraft:sprint_one_cm":6974,"minecraft:walk_one_cm":2601,"minecraft:sneak_time":2474,"minecraft:jump":84,"minecraft:time_since_death":5255,"minecraft:total_world_time":5255,"minecraft:fall_one_cm":2208,"minecraft:interact_with_crafting_table":3,"minecraft:fly_one_cm":8142},"minecraft:crafted":{"minecraft:stone_axe":1,"minecraft:crafting_table":11,"minecraft:spruce_planks":312,"minecraft:stick":48,"minecraft:wooden_pickaxe":1,"minecraft:stone_pickaxe":1},"minecraft:picked_up":{"minecraft:crafting_table":1,"minecraft:spruce_log":78,"minecraft:coal":8,"minecraft:cobblestone":26},"minecraft:mined":{"minecraft:coal_ore":8,"minecraft:spruce_log":78,"minecraft:stone":26,"minecraft:crafting_table":1},"minecraft:used":{"minecraft:stone_axe":76,"minecraft:crafting_table":1,"minecraft:stone_pickaxe":31,"minecraft:spruce_planks":1,"minecraft:wooden_pickaxe":3}},"DataVersion":3839}