{"stats":{"minecraft:dropped":{"minecraft:dirt":4,"minecraft:diorite":2,"minecraft:white_wool":3,"minecraft:gold_ingot":25,"minecraft:bowl":12,"minecraft:pointed_dripstone":5,"minecraft:raw_iron":3,"minecraft:rotten_flesh":6,"minecraft:gunpowder":1,"minecraft:oak_sapling":1,"minecraft:wooden_pickaxe":2},"minecraft:broken":{"minecraft:stone_pickaxe":1,"minecraft:stone_axe":2},"minecraft:killed":{"minecraft:skeleton":6,"minecraft:magma_cube":2,"minecraft:piglin":1,"minecraft:pig":5,"minecraft:sheep":6,"minecraft:zombie":16,"minecraft:wither_skeleton":4,"minecraft:blaze":14},"minecraft:custom":{"minecraft:mob_kills":54,"minecraft:interact_with_crafting_table":58,"minecraft:leave_game":1,"minecraft:time_since_death":51205,"minecraft:climb_one_cm":168,"minecraft:sprint_one_cm":336094,"minecraft:walk_one_cm":165691,"minecraft:damage_blocked_by_shield":1480,"minecraft:drop":43,"minecraft:play_time":104637,"minecraft:deaths":1,"minecraft:sneak_time":14024,"minecraft:walk_under_water_one_cm":112,"minecraft:jump":2414,"minecraft:walk_on_water_one_cm":2185,"minecraft:total_world_time":104637,"minecraft:interact_with_furnace":62,"minecraft:sleep_in_bed":10,"minecraft:time_since_rest":31305,"minecraft:damage_taken":2338,"minecraft:damage_dealt":9589,"minecraft:swim_one_cm":358,"minecraft:fly_one_cm":390107,"minecraft:open_chest":1,"minecraft:crouch_one_cm":50635,"minecraft:fall_one_cm":69372},"minecraft:crafted":{"minecraft:golden_chestplate":1,"minecraft:furnace":5,"minecraft:mushroom_stew":15,"minecraft:cooked_mutton":10,"minecraft:flint_and_steel":1,"minecraft:iron_boots":1,"minecraft:stone_pickaxe":3,"minecraft:spruce_boat":1,"minecraft:dark_oak_planks":44,"minecraft:cooked_porkchop":13,"minecraft:crafting_table":14,"minecraft:spruce_planks":312,"minecraft:wooden_pickaxe":3,"minecraft:iron_helmet":1,"minecraft:bowl":12,"minecraft:bucket":2,"minecraft:stone_axe":4,"minecraft:air":0,"minecraft:iron_chestplate":1,"minecraft:shield":2,"minecraft:stick":68,"minecraft:iron_ingot":38,"minecraft:iron_pickaxe":1,"minecraft:gold_ingot":24,"minecraft:iron_leggings":1,"minecraft:white_bed":1,"minecraft:torch":28},"minecraft:picked_up":{"minecraft:crafting_table":6,"minecraft:brown_mushroom":18,"minecraft:wooden_pickaxe":1,"minecraft:nether_brick":27,"minecraft:blackstone":23,"minecraft:gold_nugget":222,"minecraft:cobbled_deepslate":22,"minecraft:spruce_planks":6,"minecraft:iron_nugget":15,"minecraft:light_gray_wool":1,"minecraft:iron_boots":1,"minecraft:furnace":10,"minecraft:raw_iron":41,"minecraft:torch":6,"minecraft:fire_charge":3,"minecraft:porkchop":17,"minecraft:pointed_dripstone":11,"minecraft:diorite":5,"minecraft:arrow":5,"minecraft:rotten_flesh":14,"minecraft:gold_ingot":9,"minecraft:blaze_rod":7,"minecraft:mutton":10,"minecraft:obsidian":1,"minecraft:cobblestone":154,"minecraft:white_wool":7,"minecraft:basalt":94,"minecraft:andesite":4,"minecraft:red_mushroom":28,"minecraft:flint":2,"minecraft:tuff":5,"minecraft:gunpowder":3,"minecraft:wither_skeleton_skull":2,"minecraft:lapis_lazuli":14,"minecraft:dirt":13,"minecraft:cooked_mutton":1,"minecraft:bone":10,"minecraft:bow":1,"minecraft:quartz":5,"minecraft:gravel":14,"minecraft:dripstone_block":1,"minecraft:white_bed":2,"minecraft:spruce_log":78,"minecraft:crying_obsidian":2,"minecraft:dark_oak_log":11,"minecraft:diamond":4,"minecraft:granite":1,"minecraft:oak_sapling":3,"minecraft:netherrack":34,"minecraft:coal":30,"minecraft:ender_pearl":3},"minecraft:mined":{"minecraft:nether_gold_ore":57,"minecraft:tuff":5,"minecraft:spruce_planks":6,"minecraft:white_bed":2,"minecraft:dark_oak_leaves":2,"minecraft:deepslate_diamond_ore":4,"minecraft:dark_oak_log":11,"minecraft:granite":1,"minecraft:grass_block":2,"minecraft:brown_mushroom_block":61,"minecraft:furnace":10,"minecraft:iron_ore":34,"minecraft:fire":32,"minecraft:andesite":4,"minecraft:deepslate_lapis_ore":2,"minecraft:pointed_dripstone":4,"minecraft:deepslate_iron_ore":4,"minecraft:stone":154,"minecraft:blackstone":6,"minecraft:basalt":94,"minecraft:crafting_table":6,"minecraft:torch":3,"minecraft:diorite":2,"minecraft:spruce_log":78,"minecraft:coal_ore":27,"minecraft:dirt":4,"minecraft:gravel":7,"minecraft:dripstone_block":1,"minecraft:red_mushroom_block":43,"minecraft:netherrack":34,"minecraft:oak_leaves":5,"minecraft:deepslate":20},"minecraft:used":{"minecraft:flint_and_steel":1,"minecraft:spruce_planks":202,"minecraft:shield":58,"minecraft:netherrack":34,"minecraft:iron_chestplate":1,"minecraft:torch":29,"minecraft:dirt":8,"minecraft:golden_chestplate":1,"minecraft:obsidian":1,"minecraft:dark_oak_planks":1,"minecraft:lava_bucket":10,"minecraft:iron_helmet":1,"minecraft:iron_boots":2,"minecraft:light_gray_wool":1,"minecraft:basalt":94,"minecraft:furnace":12,"minecraft:oak_sapling":2,"minecraft:iron_leggings":1,"minecraft:pointed_dripstone":4,"minecraft:cooked_mutton":6,"minecraft:water_bucket":28,"minecraft:diorite":3,"minecraft:stone_pickaxe":291,"minecraft:blackstone":17,"minecraft:ender_pearl":2,"minecraft:wooden_pickaxe":46,"minecraft:white_wool":1,"minecraft:crafting_table":20,"minecraft:mushroom_stew":15,"minecraft:white_bed":3,"minecraft:crying_obsidian":2,"minecraft:iron_pickaxe":135,"minecraft:gravel":14,"minecraft:stone_axe":322,"minecraft:cobblestone":81,"minecraft:cooked_porkchop":13,"minecraft:bucket":40,"minecraft:andesite":4}},"DataVersion":3839}