{"stats":{"minecraft:dropped":{"minecraft:dark_oak_sapling":1,"minecraft:dirt":4,"minecraft:diorite":2,"minecraft:white_wool":3,"minecraft:gold_ingot":25,"minecraft:bowl":12,"minecraft:pointed_dripstone":5,"minecraft:raw_iron":3,"minecraft:rotten_flesh":17,"minecraft:gunpowder":1,"minecraft:oak_sapling":1,"minecraft:wooden_pickaxe":2},"minecraft:broken":{"minecraft:stone_pickaxe":1,"minecraft:stone_axe":3},"minecraft:killed":{"minecraft:skeleton":7,"minecraft:magma_cube":2,"minecraft:piglin":1,"minecraft:pig":5,"minecraft:sheep":6,"minecraft:zombie":20,"minecraft:wither_skeleton":5,"minecraft:blaze":22},"minecraft:custom":{"minecraft:mob_kills":68,"minecraft:interact_with_crafting_table":63,"minecraft:leave_game":1,"minecraft:time_since_death":75205,"minecraft:climb_one_cm":168,"minecraft:sprint_one_cm":376774,"minecraft:walk_one_cm":200704,"minecraft:damage_blocked_by_shield":1885,"minecraft:drop":45,"minecraft:play_time":128637,"minecraft:deaths":1,"minecraft:sneak_time":17310,"minecraft:walk_under_water_one_cm":1138,"minecraft:jump":2933,"minecraft:walk_on_water_one_cm":2909,"minecraft:total_world_time":128637,"minecraft:interact_with_furnace":64,"minecraft:sleep_in_bed":13,"minecraft:time_since_rest":13575,"minecraft:damage_taken":3032,"minecraft:damage_dealt":12881,"minecraft:swim_one_cm":500,"minecraft:fly_one_cm":439712,"minecraft:open_chest":2,"minecraft:crouch_one_cm":56361,"minecraft:fall_one_cm":77745},"minecraft:crafted":{"minecraft:golden_chestplate":1,"minecraft:dark_oak_wood":3,"minecraft:furnace":5,"minecraft:mushroom_stew":25,"minecraft:cooked_mutton":10,"minecraft:flint_and_steel":1,"minecraft:iron_boots":1,"minecraft:stone_pickaxe":3,"minecraft:chest":1,"minecraft:diamond_boots":1,"minecraft:spruce_boat":1,"minecraft:dark_oak_planks":120,"minecraft:cooked_porkchop":13,"minecraft:crafting_table":15,"minecraft:spruce_planks":312,"minecraft:wooden_pickaxe":3,"minecraft:iron_helmet":1,"minecraft:bowl":28,"minecraft:bucket":2,"minecraft:stone_axe":5,"minecraft:air":0,"minecraft:iron_chestplate":1,"minecraft:shield":2,"minecraft:stick":72,"minecraft:iron_ingot":38,"minecraft:iron_pickaxe":1,"minecraft:gold_ingot":24,"minecraft:iron_leggings":1,"minecraft:white_bed":1,"minecraft:torch":28},"minecraft:picked_up":{"minecraft:crafting_table":6,"minecraft:brown_mushroom":25,"minecraft:wooden_pickaxe":1,"minecraft:nether_brick":27,"minecraft:blackstone":23,"minecraft:gold_nugget":222,"minecraft:cobbled_deepslate":25,"minecraft:spruce_planks":6,"minecraft:iron_nugget":15,"minecraft:light_gray_wool":1,"minecraft:iron_boots":1,"minecraft:furnace":10,"minecraft:dark_oak_sapling":1,"minecraft:raw_iron":41,"minecraft:torch":15,"minecraft:fire_charge":3,"minecraft:porkchop":17,"minecraft:pointed_dripstone":13,"minecraft:diorite":19,"minecraft:dark_oak_planks":6,"minecraft:stone_sword":1,"minecraft:arrow":6,"minecraft:rotten_flesh":17,"minecraft:gold_ingot":9,"minecraft:blaze_rod":10,"minecraft:mutton":10,"minecraft:obsidian":1,"minecraft:cobblestone":191,"minecraft:white_wool":7,"minecraft:basalt":94,"minecraft:andesite":16,"minecraft:red_mushroom":34,"minecraft:flint":2,"minecraft:tuff":5,"minecraft:gunpowder":3,"minecraft:wither_skeleton_skull":2,"minecraft:lapis_lazuli":14,"minecraft:dirt":16,"minecraft:cooked_mutton":1,"minecraft:bone":13,"minecraft:bow":1,"minecraft:quartz":5,"minecraft:gravel":16,"minecraft:dripstone_block":5,"minecraft:white_bed":2,"minecraft:spruce_log":78,"minecraft:crying_obsidian":2,"minecraft:dark_oak_log":32,"minecraft:diamond":5,"minecraft:granite":1,"minecraft:oak_sapling":3,"minecraft:dark_oak_wood":1,"minecraft:netherrack":34,"minecraft:coal":30,"minecraft:ender_pearl":3},"minecraft:mined":{"minecraft:dark_oak_planks":7,"minecraft:nether_gold_ore":57,"minecraft:tuff":5,"minecraft:spruce_planks":6,"minecraft:white_bed":2,"minecraft:dark_oak_leaves":14,"minecraft:deepslate_diamond_ore":5,"minecraft:dark_oak_log":33,"minecraft:granite":1,"minecraft:grass_block":3,"minecraft:brown_mushroom_block":83,"minecraft:furnace":12,"minecraft:iron_ore":34,"minecraft:fire":36,"minecraft:andesite":16,"minecraft:deepslate_lapis_ore":2,"minecraft:pointed_dripstone":5,"minecraft:deepslate_iron_ore":4,"minecraft:stone":191,"minecraft:blackstone":6,"minecraft:basalt":94,"minecraft:crafting_table":6,"minecraft:torch":9,"minecraft:dark_oak_wood":1,"minecraft:mushroom_stem":1,"minecraft:diorite":16,"minecraft:wall_torch":2,"minecraft:spruce_log":78,"minecraft:coal_ore":27,"minecraft:dirt":6,"minecraft:gravel":9,"minecraft:dripstone_block":5,"minecraft:red_mushroom_block":64,"minecraft:netherrack":34,"minecraft:oak_leaves":6,"minecraft:deepslate":23},"minecraft:used":{"minecraft:flint_and_steel":1,"minecraft:chest":1,"minecraft:spruce_planks":202,"minecraft:shield":72,"minecraft:netherrack":34,"minecraft:iron_chestplate":1,"minecraft:torch":39,"minecraft:dirt":10,"minecraft:golden_chestplate":1,"minecraft:obsidian":1,"minecraft:dark_oak_planks":62,"minecraft:lava_bucket":10,"minecraft:dark_oak_wood":1,"minecraft:iron_helmet":1,"minecraft:iron_boots":2,"minecraft:light_gray_wool":1,"minecraft:basalt":94,"minecraft:bow":2,"minecraft:furnace":15,"minecraft:oak_sapling":2,"minecraft:cobbled_deepslate":21,"minecraft:iron_leggings":1,"minecraft:pointed_dripstone":4,"minecraft:cooked_mutton":11,"minecraft:water_bucket":33,"minecraft:diorite":17,"minecraft:diamond_boots":1,"minecraft:stone_pickaxe":291,"minecraft:blackstone":17,"minecraft:ender_pearl":2,"minecraft:wooden_pickaxe":46,"minecraft:white_wool":1,"minecraft:crafting_table":21,"minecraft:mushroom_stew":21,"minecraft:white_bed":3,"minecraft:dripstone_block":5,"minecraft:crying_obsidian":2,"minecraft:dark_oak_log":1,"minecraft:iron_pickaxe":212,"minecraft:gravel":16,"minecraft:stone_axe":430,"minecraft:cobblestone":136,"minecraft:cooked_porkchop":13,"minecraft:bucket":45,"minecraft:andesite":16}},"DataVersion":3839}